candidate_id,archetype_id,target_role,skill_match_score,market_demand_score,ai_exposure_score,transferability_score,skill_breadth_score,emerging_skill_alignment,skill_gap_score,experience_years,target_role_experience_requirement,experience_gap,number_of_matching_skills,number_of_missing_skills,transition_effort_score,readiness_label
cand_0001,arch_001,Java Backend Developer,0.154,0.747,0.233,0.493,0.478,0.0,0.846,1.5,3.0,-1.5,2,11,0.583,low
cand_0002,arch_001,Java Backend Developer,0.154,0.777,0.239,0.511,0.462,0.0,0.846,2.3,3.0,-0.7,2,11,0.583,low
cand_0003,arch_001,Java Backend Developer,0.154,0.673,0.25,0.538,0.504,0.0,0.846,1.3,3.0,-1.7,2,11,0.583,low
cand_0004,arch_001,Python Developer,0.167,0.696,0.289,0.557,0.461,0.0,0.833,1.5,2.5,-1.0,2,10,0.542,low
cand_0005,arch_001,Python Developer,0.167,0.711,0.246,0.575,0.487,0.0,0.833,2.4,2.5,-0.1,2,10,0.542,low
cand_0006,arch_001,Python Developer,0.083,0.711,0.256,0.465,0.425,0.0,0.917,0.9,2.5,-1.6,1,11,0.583,low
cand_0007,arch_001,Full Stack Developer,0.429,0.685,0.322,0.469,0.483,0.0,0.571,1.5,3.0,-1.5,6,8,0.396,moderate
cand_0008,arch_001,Full Stack Developer,0.429,0.713,0.249,0.468,0.513,0.0,0.571,2.1,3.0,-0.9,6,8,0.396,moderate
cand_0009,arch_001,Full Stack Developer,0.429,0.773,0.317,0.506,0.496,0.0,0.571,2.7,3.0,-0.3,6,8,0.396,moderate
cand_0010,arch_001,Frontend Developer,0.545,0.77,0.586,0.823,0.514,0.0,0.455,1.5,2.0,-0.5,6,5,0.208,moderate
cand_0011,arch_001,Frontend Developer,0.545,0.679,0.633,0.844,0.48,0.0,0.455,2.2,2.0,0.2,6,5,0.208,moderate
cand_0012,arch_001,Frontend Developer,0.545,0.781,0.639,0.806,0.486,0.0,0.455,1.9,2.0,-0.1,6,5,0.208,moderate
cand_0013,arch_001,Backend Developer,0.077,0.762,0.236,0.559,0.524,0.0,0.923,1.5,3.0,-1.5,1,12,0.656,low
cand_0014,arch_001,Backend Developer,0.154,0.775,0.261,0.539,0.563,0.0,0.846,1.7,3.0,-1.3,2,11,0.615,low
cand_0015,arch_001,Backend Developer,0.077,0.702,0.255,0.527,0.481,0.0,0.923,3.1,3.0,0.1,1,12,0.656,low
cand_0016,arch_001,Data Analyst,0.0,0.74,0.66,0.508,0.478,0.0,1.0,1.5,2.0,-0.5,0,9,0.531,low
cand_0017,arch_001,Data Analyst,0.0,0.681,0.575,0.473,0.51,0.0,1.0,2.7,2.0,0.7,0,9,0.531,low
cand_0018,arch_001,Data Analyst,0.0,0.678,0.608,0.58,0.502,0.0,1.0,2.8,2.0,0.8,0,9,0.531,low
cand_0019,arch_001,Data Scientist,0.083,0.917,0.316,0.461,0.518,0.0,0.917,1.5,4.0,-2.5,1,11,0.615,low
cand_0020,arch_001,Data Scientist,0.083,0.832,0.294,0.473,0.495,0.0,0.917,2.2,4.0,-1.8,1,11,0.615,low
cand_0021,arch_001,Data Scientist,0.083,0.905,0.256,0.52,0.474,0.0,0.917,1.9,4.0,-2.1,1,11,0.615,low
cand_0022,arch_001,Machine Learning Engineer,0.133,0.91,0.317,0.496,0.511,0.0,0.867,1.5,4.0,-2.5,2,13,0.698,low
cand_0023,arch_001,Machine Learning Engineer,0.2,0.865,0.308,0.524,0.531,0.25,0.8,2.1,4.0,-1.9,3,12,0.656,low
cand_0024,arch_001,Machine Learning Engineer,0.133,0.905,0.313,0.497,0.393,0.0,0.867,1.5,4.0,-2.5,2,13,0.698,low
cand_0025,arch_001,AI Engineer,0.231,0.905,0.325,0.47,0.499,0.0,0.769,1.5,3.5,-2.0,3,10,0.51,low
cand_0026,arch_001,AI Engineer,0.231,0.892,0.243,0.517,0.504,0.0,0.769,1.2,3.5,-2.3,3,10,0.51,low
cand_0027,arch_001,AI Engineer,0.231,0.851,0.251,0.525,0.518,0.0,0.769,1.4,3.5,-2.1,3,10,0.51,low
cand_0028,arch_001,MLOps Engineer,0.133,0.824,0.261,0.579,0.512,0.0,0.867,1.5,4.5,-3.0,2,13,0.698,low
cand_0029,arch_001,MLOps Engineer,0.133,0.815,0.252,0.501,0.507,0.0,0.867,1.8,4.5,-2.7,2,13,0.698,low
cand_0030,arch_001,MLOps Engineer,0.133,0.885,0.236,0.468,0.391,0.0,0.867,1.3,4.5,-3.2,2,13,0.698,low
cand_0031,arch_001,Data Engineer,0.143,0.71,0.281,0.493,0.499,0.0,0.857,1.5,3.5,-2.0,2,12,0.656,low
cand_0032,arch_001,Data Engineer,0.143,0.776,0.288,0.489,0.498,0.0,0.857,2.0,3.5,-1.5,2,12,0.656,low
cand_0033,arch_001,Data Engineer,0.143,0.722,0.272,0.516,0.447,0.0,0.857,1.8,3.5,-1.7,2,12,0.656,low
cand_0034,arch_001,DevOps Engineer,0.071,0.881,0.328,0.472,0.492,0.0,0.929,1.5,3.5,-2.0,1,13,0.698,low
cand_0035,arch_001,DevOps Engineer,0.071,0.83,0.249,0.514,0.494,0.0,0.929,1.6,3.5,-1.9,1,13,0.698,low
cand_0036,arch_001,DevOps Engineer,0.071,0.853,0.316,0.526,0.393,0.0,0.929,1.4,3.5,-2.1,1,13,0.698,low
cand_0037,arch_001,Cloud Engineer,0.143,0.92,0.314,0.576,0.534,0.0,0.857,1.5,3.0,-1.5,2,12,0.625,low
cand_0038,arch_001,Cloud Engineer,0.214,0.858,0.316,0.568,0.545,0.0,0.786,2.5,3.0,-0.5,3,11,0.583,low
cand_0039,arch_001,Cloud Engineer,0.143,0.911,0.309,0.494,0.516,0.0,0.857,0.7,3.0,-2.3,2,12,0.625,low
cand_0040,arch_001,Platform Engineer,0.071,0.888,0.308,0.539,0.499,0.0,0.929,1.5,4.5,-3.0,1,13,0.729,low
cand_0041,arch_001,Platform Engineer,0.143,0.87,0.284,0.55,0.536,0.333,0.857,1.4,4.5,-3.1,2,12,0.688,low
cand_0042,arch_001,Platform Engineer,0.071,0.902,0.246,0.575,0.466,0.0,0.929,2.2,4.5,-2.3,1,13,0.729,low
cand_0043,arch_001,Site Reliability Engineer (SRE),0.071,0.822,0.29,0.541,0.479,0.0,0.929,1.5,4.0,-2.5,1,13,0.729,low
cand_0044,arch_001,Site Reliability Engineer (SRE),0.071,0.83,0.289,0.534,0.494,0.0,0.929,1.3,4.0,-2.7,1,13,0.729,low
cand_0045,arch_001,Site Reliability Engineer (SRE),0.071,0.912,0.25,0.546,0.479,0.0,0.929,2.2,4.0,-1.8,1,13,0.729,low
cand_0046,arch_001,Cybersecurity Analyst,0.091,0.717,0.297,0.496,0.485,0.0,0.909,1.5,2.5,-1.0,1,10,0.542,low
cand_0047,arch_001,Cybersecurity Analyst,0.182,0.745,0.286,0.472,0.574,0.0,0.818,2.3,2.5,-0.2,2,9,0.5,low
cand_0048,arch_001,Cybersecurity Analyst,0.091,0.776,0.318,0.504,0.401,0.0,0.909,2.0,2.5,-0.5,1,10,0.542,low
cand_0049,arch_001,Cloud Security Engineer,0.077,0.77,0.3,0.533,0.539,0.0,0.923,1.5,4.0,-2.5,1,12,0.656,low
cand_0050,arch_001,Cloud Security Engineer,0.154,0.782,0.24,0.565,0.553,0.333,0.846,2.1,4.0,-1.9,2,11,0.615,low
cand_0051,arch_001,Cloud Security Engineer,0.077,0.689,0.258,0.485,0.487,0.0,0.923,3.0,4.0,-1.0,1,12,0.656,low
cand_0052,arch_001,QA Automation Engineer,0.25,0.752,0.655,0.521,0.48,0.0,0.75,1.5,2.5,-1.0,3,9,0.438,low
cand_0053,arch_001,QA Automation Engineer,0.333,0.721,0.598,0.46,0.593,0.333,0.667,2.6,2.5,0.1,4,8,0.396,moderate
cand_0054,arch_001,QA Automation Engineer,0.25,0.759,0.625,0.511,0.461,0.0,0.75,2.4,2.5,-0.1,3,9,0.438,low
cand_0055,arch_001,Mobile Developer (React Native / Flutter),0.545,0.679,0.318,0.568,0.504,0.0,0.455,1.5,2.5,-1.0,6,5,0.208,moderate
cand_0056,arch_001,Mobile Developer (React Native / Flutter),0.545,0.688,0.243,0.497,0.532,0.0,0.455,2.4,2.5,-0.1,6,5,0.208,moderate
cand_0057,arch_001,Mobile Developer (React Native / Flutter),0.545,0.778,0.251,0.49,0.468,0.0,0.455,2.8,2.5,0.3,6,5,0.208,moderate
cand_0058,arch_001,Solutions Architect,0.071,0.764,0.318,0.509,0.51,0.0,0.929,1.5,6.5,-5.0,1,13,0.698,low
cand_0059,arch_001,Solutions Architect,0.071,0.774,0.328,0.557,0.531,0.0,0.929,1.3,6.5,-5.2,1,13,0.698,low
cand_0060,arch_001,Solutions Architect,0.071,0.71,0.323,0.556,0.529,0.0,0.929,0.8,6.5,-5.7,1,13,0.698,low
cand_0061,arch_002,Java Backend Developer,0.154,0.767,0.257,0.554,0.683,0.0,0.846,3.5,3.0,0.5,2,11,0.583,low
cand_0062,arch_002,Java Backend Developer,0.154,0.697,0.312,0.515,0.699,0.0,0.846,4.5,3.0,1.5,2,11,0.583,low
cand_0063,arch_002,Java Backend Developer,0.154,0.749,0.27,0.493,0.608,0.0,0.846,4.8,3.0,1.8,2,11,0.583,low
cand_0064,arch_002,Python Developer,0.167,0.763,0.265,0.521,0.729,0.0,0.833,3.5,2.5,1.0,2,10,0.542,low
cand_0065,arch_002,Python Developer,0.25,0.684,0.327,0.481,0.823,0.333,0.75,4.4,2.5,1.9,3,9,0.5,low
cand_0066,arch_002,Python Developer,0.167,0.711,0.309,0.512,0.682,0.0,0.833,3.4,2.5,0.9,2,10,0.542,low
cand_0067,arch_002,Full Stack Developer,0.571,0.684,0.32,0.483,0.678,0.333,0.429,3.5,3.0,0.5,8,6,0.312,moderate
cand_0068,arch_002,Full Stack Developer,0.571,0.767,0.299,0.573,0.733,0.333,0.429,3.8,3.0,0.8,8,6,0.312,moderate
cand_0069,arch_002,Full Stack Developer,0.571,0.784,0.322,0.535,0.727,0.333,0.429,3.2,3.0,0.2,8,6,0.312,moderate
cand_0070,arch_002,Frontend Developer,0.909,0.685,0.66,0.841,0.728,1.0,0.091,3.5,2.0,1.5,10,1,0.05,high
cand_0071,arch_002,Frontend Developer,0.909,0.737,0.589,0.86,0.705,1.0,0.091,3.6,2.0,1.6,10,1,0.05,high
cand_0072,arch_002,Frontend Developer,0.818,0.706,0.625,0.78,0.626,0.5,0.182,4.6,2.0,2.6,9,2,0.083,high
cand_0073,arch_002,Backend Developer,0.077,0.722,0.288,0.539,0.711,0.0,0.923,3.5,3.0,0.5,1,12,0.656,low
cand_0074,arch_002,Backend Developer,0.154,0.765,0.326,0.548,0.798,0.333,0.846,3.8,3.0,0.8,2,11,0.615,low
cand_0075,arch_002,Backend Developer,0.077,0.744,0.239,0.574,0.693,0.0,0.923,3.4,3.0,0.4,1,12,0.656,low
cand_0076,arch_002,Data Analyst,0.0,0.707,0.651,0.478,0.678,0.0,1.0,3.5,2.0,1.5,0,9,0.531,low
cand_0077,arch_002,Data Analyst,0.0,0.762,0.616,0.566,0.72,0.0,1.0,4.7,2.0,2.7,0,9,0.531,low
cand_0078,arch_002,Data Analyst,0.0,0.718,0.585,0.543,0.746,0.0,1.0,4.6,2.0,2.6,0,9,0.531,low
cand_0079,arch_002,Data Scientist,0.083,0.903,0.319,0.553,0.692,0.0,0.917,3.5,4.0,-0.5,1,11,0.615,low
cand_0080,arch_002,Data Scientist,0.083,0.856,0.286,0.57,0.684,0.0,0.917,4.4,4.0,0.4,1,11,0.615,low
cand_0081,arch_002,Data Scientist,0.083,0.864,0.286,0.498,0.735,0.0,0.917,3.0,4.0,-1.0,1,11,0.615,low
cand_0082,arch_002,Machine Learning Engineer,0.133,0.853,0.312,0.567,0.708,0.0,0.867,3.5,4.0,-0.5,2,13,0.698,low
cand_0083,arch_002,Machine Learning Engineer,0.133,0.819,0.316,0.514,0.734,0.0,0.867,4.6,4.0,0.6,2,13,0.698,low
cand_0084,arch_002,Machine Learning Engineer,0.133,0.893,0.278,0.489,0.709,0.0,0.867,4.9,4.0,0.9,2,13,0.698,low
cand_0085,arch_002,AI Engineer,0.308,0.886,0.253,0.5,0.746,0.0,0.692,3.5,3.5,0.0,4,9,0.469,moderate
cand_0086,arch_002,AI Engineer,0.385,0.883,0.301,0.468,0.778,0.25,0.615,3.2,3.5,-0.3,5,8,0.427,moderate
cand_0087,arch_002,AI Engineer,0.308,0.825,0.272,0.569,0.721,0.0,0.692,4.1,3.5,0.6,4,9,0.469,moderate
cand_0088,arch_002,MLOps Engineer,0.133,0.883,0.316,0.552,0.705,0.0,0.867,3.5,4.5,-1.0,2,13,0.698,low
cand_0089,arch_002,MLOps Engineer,0.2,0.902,0.325,0.51,0.806,0.0,0.8,3.1,4.5,-1.4,3,12,0.656,low
cand_0090,arch_002,MLOps Engineer,0.133,0.826,0.252,0.512,0.677,0.0,0.867,4.1,4.5,-0.4,2,13,0.698,low
cand_0091,arch_002,Data Engineer,0.143,0.71,0.298,0.509,0.687,0.0,0.857,3.5,3.5,0.0,2,12,0.656,low
cand_0092,arch_002,Data Engineer,0.214,0.779,0.289,0.54,0.752,0.0,0.786,3.8,3.5,0.3,3,11,0.615,low
cand_0093,arch_002,Data Engineer,0.143,0.692,0.256,0.499,0.711,0.0,0.857,3.8,3.5,0.3,2,12,0.656,low
cand_0094,arch_002,DevOps Engineer,0.071,0.841,0.318,0.493,0.75,0.0,0.929,3.5,3.5,0.0,1,13,0.698,low
cand_0095,arch_002,DevOps Engineer,0.071,0.856,0.305,0.466,0.75,0.0,0.929,3.8,3.5,0.3,1,13,0.698,low
cand_0096,arch_002,DevOps Engineer,0.071,0.891,0.325,0.484,0.604,0.0,0.929,3.3,3.5,-0.2,1,13,0.698,low
cand_0097,arch_002,Cloud Engineer,0.143,0.818,0.243,0.54,0.719,0.0,0.857,3.5,3.0,0.5,2,12,0.625,low
cand_0098,arch_002,Cloud Engineer,0.143,0.892,0.247,0.533,0.734,0.0,0.857,3.4,3.0,0.4,2,12,0.625,low
cand_0099,arch_002,Cloud Engineer,0.143,0.916,0.241,0.463,0.699,0.0,0.857,3.0,3.0,0.0,2,12,0.625,low
cand_0100,arch_002,Platform Engineer,0.071,0.881,0.326,0.508,0.731,0.0,0.929,3.5,4.5,-1.0,1,13,0.729,low
cand_0101,arch_002,Platform Engineer,0.071,0.875,0.24,0.553,0.742,0.0,0.929,3.2,4.5,-1.3,1,13,0.729,low
cand_0102,arch_002,Platform Engineer,0.071,0.894,0.265,0.511,0.633,0.0,0.929,4.3,4.5,-0.2,1,13,0.729,low
cand_0103,arch_002,Site Reliability Engineer (SRE),0.071,0.861,0.264,0.562,0.74,0.0,0.929,3.5,4.0,-0.5,1,13,0.729,low
cand_0104,arch_002,Site Reliability Engineer (SRE),0.071,0.876,0.313,0.545,0.709,0.0,0.929,3.3,4.0,-0.7,1,13,0.729,low
cand_0105,arch_002,Site Reliability Engineer (SRE),0.071,0.832,0.311,0.525,0.713,0.0,0.929,4.6,4.0,0.6,1,13,0.729,low
cand_0106,arch_002,Cybersecurity Analyst,0.091,0.722,0.303,0.492,0.742,0.0,0.909,3.5,2.5,1.0,1,10,0.542,low
cand_0107,arch_002,Cybersecurity Analyst,0.182,0.699,0.276,0.533,0.776,0.0,0.818,4.4,2.5,1.9,2,9,0.5,low
cand_0108,arch_002,Cybersecurity Analyst,0.091,0.692,0.251,0.556,0.702,0.0,0.909,2.8,2.5,0.3,1,10,0.542,low
cand_0109,arch_002,Cloud Security Engineer,0.077,0.776,0.3,0.493,0.675,0.0,0.923,3.5,4.0,-0.5,1,12,0.656,low
cand_0110,arch_002,Cloud Security Engineer,0.077,0.729,0.306,0.543,0.726,0.0,0.923,4.6,4.0,0.6,1,12,0.656,low
cand_0111,arch_002,Cloud Security Engineer,0.077,0.681,0.252,0.543,0.699,0.0,0.923,4.0,4.0,0.0,1,12,0.656,low
cand_0112,arch_002,QA Automation Engineer,0.333,0.74,0.617,0.524,0.708,0.0,0.667,3.5,2.5,1.0,4,8,0.365,moderate
cand_0113,arch_002,QA Automation Engineer,0.417,0.724,0.601,0.488,0.803,0.333,0.583,4.3,2.5,1.8,5,7,0.323,moderate
cand_0114,arch_002,QA Automation Engineer,0.333,0.784,0.639,0.483,0.733,0.0,0.667,3.5,2.5,1.0,4,8,0.365,moderate
cand_0115,arch_002,Mobile Developer (React Native / Flutter),0.545,0.703,0.289,0.551,0.722,0.0,0.455,3.5,2.5,1.0,6,5,0.208,moderate
cand_0116,arch_002,Mobile Developer (React Native / Flutter),0.545,0.706,0.266,0.496,0.731,0.0,0.455,4.7,2.5,2.2,6,5,0.208,moderate
cand_0117,arch_002,Mobile Developer (React Native / Flutter),0.545,0.736,0.3,0.475,0.672,0.0,0.455,3.0,2.5,0.5,6,5,0.208,moderate
cand_0118,arch_002,Solutions Architect,0.071,0.729,0.317,0.529,0.712,0.0,0.929,3.5,6.5,-3.0,1,13,0.698,low
cand_0119,arch_002,Solutions Architect,0.143,0.7,0.316,0.474,0.751,0.0,0.857,3.8,6.5,-2.7,2,12,0.656,low
cand_0120,arch_002,Solutions Architect,0.071,0.752,0.245,0.557,0.75,0.0,0.929,4.0,6.5,-2.5,1,13,0.698,low
cand_0121,arch_003,Java Backend Developer,0.231,0.68,0.255,0.527,0.85,0.0,0.769,6.5,3.0,3.5,3,10,0.542,low
cand_0122,arch_003,Java Backend Developer,0.231,0.763,0.268,0.569,0.841,0.0,0.769,7.1,3.0,4.1,3,10,0.542,low
cand_0123,arch_003,Java Backend Developer,0.231,0.738,0.236,0.575,0.825,0.0,0.769,7.2,3.0,4.2,3,10,0.542,low
cand_0124,arch_003,Python Developer,0.167,0.762,0.293,0.492,0.824,0.0,0.833,6.5,2.5,4.0,2,10,0.542,low
cand_0125,arch_003,Python Developer,0.167,0.689,0.271,0.543,0.855,0.0,0.833,6.5,2.5,4.0,2,10,0.542,low
cand_0126,arch_003,Python Developer,0.167,0.704,0.316,0.469,0.836,0.0,0.833,5.8,2.5,3.3,2,10,0.542,low
cand_0127,arch_003,Full Stack Developer,0.571,0.702,0.309,0.531,0.881,0.333,0.429,6.5,3.0,3.5,8,6,0.312,high
cand_0128,arch_003,Full Stack Developer,0.643,0.748,0.321,0.559,0.894,0.333,0.357,6.4,3.0,3.4,9,5,0.271,high
cand_0129,arch_003,Full Stack Developer,0.571,0.76,0.287,0.495,0.827,0.333,0.429,6.1,3.0,3.1,8,6,0.312,high
cand_0130,arch_003,Frontend Developer,0.909,0.753,0.64,0.893,0.857,1.0,0.091,6.5,2.0,4.5,10,1,0.05,high
cand_0131,arch_003,Frontend Developer,0.909,0.777,0.643,0.852,0.819,1.0,0.091,6.9,2.0,4.9,10,1,0.05,high
cand_0132,arch_003,Frontend Developer,0.909,0.773,0.629,0.782,0.878,1.0,0.091,6.3,2.0,4.3,10,1,0.05,high
cand_0133,arch_003,Backend Developer,0.154,0.769,0.288,0.552,0.831,0.0,0.846,6.5,3.0,3.5,2,11,0.583,low
cand_0134,arch_003,Backend Developer,0.154,0.703,0.33,0.512,0.882,0.0,0.846,6.9,3.0,3.9,2,11,0.583,low
cand_0135,arch_003,Backend Developer,0.154,0.719,0.262,0.473,0.83,0.0,0.846,8.2,3.0,5.2,2,11,0.583,low
cand_0136,arch_003,Data Analyst,0.0,0.719,0.62,0.54,0.849,0.0,1.0,6.5,2.0,4.5,0,9,0.531,low
cand_0137,arch_003,Data Analyst,0.111,0.708,0.602,0.576,0.921,0.5,0.889,7.3,2.0,5.3,1,8,0.49,low
cand_0138,arch_003,Data Analyst,0.0,0.749,0.624,0.51,0.832,0.0,1.0,7.0,2.0,5.0,0,9,0.531,low
cand_0139,arch_003,Data Scientist,0.083,0.843,0.306,0.535,0.878,0.0,0.917,6.5,4.0,2.5,1,11,0.615,low
cand_0140,arch_003,Data Scientist,0.083,0.911,0.274,0.544,0.827,0.0,0.917,6.4,4.0,2.4,1,11,0.615,low
cand_0141,arch_003,Data Scientist,0.083,0.829,0.246,0.526,0.861,0.0,0.917,8.2,4.0,4.2,1,11,0.615,low
cand_0142,arch_003,Machine Learning Engineer,0.133,0.811,0.329,0.57,0.854,0.0,0.867,6.5,4.0,2.5,2,13,0.698,low
cand_0143,arch_003,Machine Learning Engineer,0.133,0.86,0.302,0.521,0.839,0.0,0.867,6.3,4.0,2.3,2,13,0.698,low
cand_0144,arch_003,Machine Learning Engineer,0.133,0.829,0.285,0.506,0.891,0.0,0.867,7.9,4.0,3.9,2,13,0.698,low
cand_0145,arch_003,AI Engineer,0.308,0.861,0.318,0.564,0.839,0.0,0.692,6.5,3.5,3.0,4,9,0.469,moderate
cand_0146,arch_003,AI Engineer,0.308,0.912,0.281,0.558,0.84,0.0,0.692,7.4,3.5,3.9,4,9,0.469,moderate
cand_0147,arch_003,AI Engineer,0.308,0.92,0.279,0.478,0.86,0.0,0.692,6.5,3.5,3.0,4,9,0.469,moderate
cand_0148,arch_003,MLOps Engineer,0.267,0.841,0.285,0.525,0.854,0.0,0.733,6.5,4.5,2.0,4,11,0.583,low
cand_0149,arch_003,MLOps Engineer,0.333,0.869,0.253,0.553,0.892,0.25,0.667,6.6,4.5,2.1,5,10,0.542,moderate
cand_0150,arch_003,MLOps Engineer,0.267,0.897,0.269,0.54,0.883,0.0,0.733,7.6,4.5,3.1,4,11,0.583,low
cand_0151,arch_003,Data Engineer,0.143,0.788,0.28,0.464,0.857,0.0,0.857,6.5,3.5,3.0,2,12,0.656,low
cand_0152,arch_003,Data Engineer,0.143,0.775,0.274,0.523,0.854,0.0,0.857,7.0,3.5,3.5,2,12,0.656,low
cand_0153,arch_003,Data Engineer,0.143,0.749,0.245,0.516,0.895,0.0,0.857,7.6,3.5,4.1,2,12,0.656,low
cand_0154,arch_003,DevOps Engineer,0.214,0.841,0.299,0.538,0.885,0.0,0.786,6.5,3.5,3.0,3,11,0.583,low
cand_0155,arch_003,DevOps Engineer,0.214,0.846,0.262,0.546,0.878,0.0,0.786,7.5,3.5,4.0,3,11,0.583,low
cand_0156,arch_003,DevOps Engineer,0.214,0.828,0.298,0.494,0.764,0.0,0.786,8.0,3.5,4.5,3,11,0.583,low
cand_0157,arch_003,Cloud Engineer,0.214,0.811,0.328,0.551,0.873,0.0,0.786,6.5,3.0,3.5,3,11,0.552,low
cand_0158,arch_003,Cloud Engineer,0.286,0.908,0.235,0.556,0.912,0.333,0.714,6.3,3.0,3.3,4,10,0.51,moderate
cand_0159,arch_003,Cloud Engineer,0.214,0.849,0.298,0.482,0.76,0.0,0.786,6.7,3.0,3.7,3,11,0.552,low
cand_0160,arch_003,Platform Engineer,0.214,0.873,0.268,0.542,0.857,0.0,0.786,6.5,4.5,2.0,3,11,0.583,low
cand_0161,arch_003,Platform Engineer,0.286,0.855,0.297,0.568,0.926,0.333,0.714,7.0,4.5,2.5,4,10,0.542,moderate
cand_0162,arch_003,Platform Engineer,0.214,0.809,0.325,0.579,0.841,0.0,0.786,6.4,4.5,1.9,3,11,0.583,low
cand_0163,arch_003,Site Reliability Engineer (SRE),0.214,0.915,0.299,0.515,0.841,0.0,0.786,6.5,4.0,2.5,3,11,0.583,low
cand_0164,arch_003,Site Reliability Engineer (SRE),0.214,0.813,0.268,0.503,0.841,0.0,0.786,7.7,4.0,3.7,3,11,0.583,low
cand_0165,arch_003,Site Reliability Engineer (SRE),0.143,0.847,0.231,0.564,0.808,0.0,0.857,7.5,4.0,3.5,2,12,0.625,low
cand_0166,arch_003,Cybersecurity Analyst,0.091,0.787,0.321,0.549,0.884,0.0,0.909,6.5,2.5,4.0,1,10,0.542,low
cand_0167,arch_003,Cybersecurity Analyst,0.091,0.698,0.31,0.486,0.832,0.0,0.909,7.5,2.5,5.0,1,10,0.542,low
cand_0168,arch_003,Cybersecurity Analyst,0.091,0.762,0.298,0.476,0.825,0.0,0.909,6.4,2.5,3.9,1,10,0.542,low
cand_0169,arch_003,Cloud Security Engineer,0.154,0.745,0.234,0.555,0.82,0.0,0.846,6.5,4.0,2.5,2,11,0.583,low
cand_0170,arch_003,Cloud Security Engineer,0.231,0.709,0.272,0.484,0.951,0.333,0.769,6.7,4.0,2.7,3,10,0.542,low
cand_0171,arch_003,Cloud Security Engineer,0.154,0.73,0.257,0.48,0.89,0.0,0.846,8.0,4.0,4.0,2,11,0.583,low
cand_0172,arch_003,QA Automation Engineer,0.333,0.783,0.667,0.495,0.887,0.0,0.667,6.5,2.5,4.0,4,8,0.396,moderate
cand_0173,arch_003,QA Automation Engineer,0.333,0.679,0.645,0.487,0.871,0.0,0.667,7.4,2.5,4.9,4,8,0.396,moderate
cand_0174,arch_003,QA Automation Engineer,0.333,0.771,0.626,0.471,0.849,0.0,0.667,7.5,2.5,5.0,4,8,0.396,moderate
cand_0175,arch_003,Mobile Developer (React Native / Flutter),0.545,0.702,0.242,0.504,0.877,0.0,0.455,6.5,2.5,4.0,6,5,0.208,moderate
cand_0176,arch_003,Mobile Developer (React Native / Flutter),0.636,0.783,0.241,0.488,0.891,0.333,0.364,6.5,2.5,4.0,7,4,0.167,high
cand_0177,arch_003,Mobile Developer (React Native / Flutter),0.545,0.78,0.252,0.468,0.883,0.0,0.455,8.0,2.5,5.5,6,5,0.208,moderate
cand_0178,arch_003,Solutions Architect,0.143,0.779,0.26,0.509,0.828,0.0,0.857,6.5,6.5,0.0,2,12,0.625,low
cand_0179,arch_003,Solutions Architect,0.214,0.684,0.253,0.525,0.92,0.0,0.786,7.6,6.5,1.1,3,11,0.583,low
cand_0180,arch_003,Solutions Architect,0.143,0.754,0.284,0.53,0.875,0.0,0.857,6.7,6.5,0.2,2,12,0.625,low
cand_0181,arch_004,Java Backend Developer,0.308,0.776,0.295,0.56,0.652,0.0,0.692,1.8,3.0,-1.2,4,9,0.469,low
cand_0182,arch_004,Java Backend Developer,0.308,0.696,0.274,0.488,0.632,0.0,0.692,2.9,3.0,-0.1,4,9,0.469,low
cand_0183,arch_004,Java Backend Developer,0.308,0.778,0.294,0.467,0.625,0.0,0.692,3.6,3.0,0.6,4,9,0.469,moderate
cand_0184,arch_004,Python Developer,0.333,0.786,0.325,0.559,0.61,0.0,0.667,1.8,2.5,-0.7,4,8,0.427,moderate
cand_0185,arch_004,Python Developer,0.333,0.787,0.235,0.5,0.682,0.0,0.667,1.7,2.5,-0.8,4,8,0.427,low
cand_0186,arch_004,Python Developer,0.25,0.695,0.252,0.564,0.558,0.0,0.75,3.0,2.5,0.5,3,9,0.469,low
cand_0187,arch_004,Full Stack Developer,0.643,0.688,0.32,0.78,0.672,0.0,0.357,1.8,3.0,-1.2,9,5,0.208,moderate
cand_0188,arch_004,Full Stack Developer,0.714,0.766,0.241,0.884,0.685,0.0,0.286,1.6,3.0,-1.4,10,4,0.167,high
cand_0189,arch_004,Full Stack Developer,0.643,0.741,0.232,0.812,0.613,0.0,0.357,1.9,3.0,-1.1,9,5,0.208,high
cand_0190,arch_004,Frontend Developer,0.545,0.721,0.581,0.468,0.639,0.0,0.455,1.8,2.0,-0.2,6,5,0.208,moderate
cand_0191,arch_004,Frontend Developer,0.545,0.724,0.592,0.534,0.661,0.0,0.455,2.0,2.0,0.0,6,5,0.208,moderate
cand_0192,arch_004,Frontend Developer,0.545,0.706,0.634,0.464,0.683,0.0,0.455,3.4,2.0,1.4,6,5,0.208,moderate
cand_0193,arch_004,Backend Developer,0.308,0.772,0.273,0.473,0.66,0.0,0.692,1.8,3.0,-1.2,4,9,0.469,low
cand_0194,arch_004,Backend Developer,0.308,0.709,0.245,0.475,0.653,0.0,0.692,2.1,3.0,-0.9,4,9,0.469,low
cand_0195,arch_004,Backend Developer,0.308,0.716,0.29,0.495,0.643,0.0,0.692,2.5,3.0,-0.5,4,9,0.469,low
cand_0196,arch_004,Data Analyst,0.111,0.722,0.649,0.474,0.655,0.0,0.889,1.8,2.0,-0.2,1,8,0.458,low
cand_0197,arch_004,Data Analyst,0.111,0.774,0.613,0.567,0.636,0.0,0.889,2.8,2.0,0.8,1,8,0.458,low
cand_0198,arch_004,Data Analyst,0.111,0.758,0.601,0.498,0.623,0.0,0.889,3.2,2.0,1.2,1,8,0.458,low
cand_0199,arch_004,Data Scientist,0.167,0.914,0.299,0.517,0.61,0.0,0.833,1.8,4.0,-2.2,2,10,0.542,low
cand_0200,arch_004,Data Scientist,0.167,0.889,0.267,0.476,0.608,0.0,0.833,1.5,4.0,-2.5,2,10,0.542,low
cand_0201,arch_004,Data Scientist,0.167,0.88,0.271,0.565,0.678,0.0,0.833,3.5,4.0,-0.5,2,10,0.542,low
cand_0202,arch_004,Machine Learning Engineer,0.2,0.851,0.322,0.466,0.626,0.0,0.8,1.8,4.0,-2.2,3,12,0.625,low
cand_0203,arch_004,Machine Learning Engineer,0.267,0.826,0.296,0.487,0.683,0.0,0.733,1.9,4.0,-2.1,4,11,0.583,low
cand_0204,arch_004,Machine Learning Engineer,0.2,0.892,0.287,0.557,0.67,0.0,0.8,3.2,4.0,-0.8,3,12,0.625,low
cand_0205,arch_004,AI Engineer,0.308,0.917,0.312,0.534,0.654,0.0,0.692,1.8,3.5,-1.7,4,9,0.438,low
cand_0206,arch_004,AI Engineer,0.308,0.9,0.257,0.482,0.659,0.0,0.692,1.4,3.5,-2.1,4,9,0.438,low
cand_0207,arch_004,AI Engineer,0.308,0.801,0.317,0.528,0.635,0.0,0.692,1.8,3.5,-1.7,4,9,0.438,low
cand_0208,arch_004,MLOps Engineer,0.2,0.817,0.293,0.464,0.663,0.0,0.8,1.8,4.5,-2.7,3,12,0.656,low
cand_0209,arch_004,MLOps Engineer,0.2,0.841,0.267,0.547,0.665,0.0,0.8,1.7,4.5,-2.8,3,12,0.656,low
cand_0210,arch_004,MLOps Engineer,0.2,0.819,0.305,0.466,0.538,0.0,0.8,2.5,4.5,-2.0,3,12,0.656,low
cand_0211,arch_004,Data Engineer,0.286,0.723,0.272,0.533,0.636,0.0,0.714,1.8,3.5,-1.7,4,10,0.51,low
cand_0212,arch_004,Data Engineer,0.286,0.711,0.241,0.541,0.65,0.0,0.714,1.7,3.5,-1.8,4,10,0.51,low
cand_0213,arch_004,Data Engineer,0.286,0.696,0.328,0.467,0.619,0.0,0.714,2.4,3.5,-1.1,4,10,0.51,low
cand_0214,arch_004,DevOps Engineer,0.143,0.913,0.307,0.552,0.626,0.0,0.857,1.8,3.5,-1.7,2,12,0.656,low
cand_0215,arch_004,DevOps Engineer,0.143,0.852,0.243,0.524,0.621,0.0,0.857,1.6,3.5,-1.9,2,12,0.656,low
cand_0216,arch_004,DevOps Engineer,0.143,0.843,0.27,0.549,0.638,0.0,0.857,2.5,3.5,-1.0,2,12,0.656,low
cand_0217,arch_004,Cloud Engineer,0.214,0.855,0.238,0.498,0.637,0.0,0.786,1.8,3.0,-1.2,3,11,0.583,low
cand_0218,arch_004,Cloud Engineer,0.214,0.835,0.271,0.576,0.617,0.0,0.786,2.0,3.0,-1.0,3,11,0.583,low
cand_0219,arch_004,Cloud Engineer,0.214,0.883,0.266,0.512,0.611,0.0,0.786,3.5,3.0,0.5,3,11,0.583,low
cand_0220,arch_004,Platform Engineer,0.071,0.852,0.27,0.469,0.672,0.0,0.929,1.8,4.5,-2.7,1,13,0.729,low
cand_0221,arch_004,Platform Engineer,0.143,0.809,0.293,0.524,0.69,0.0,0.857,2.6,4.5,-1.9,2,12,0.688,low
cand_0222,arch_004,Platform Engineer,0.071,0.915,0.295,0.478,0.611,0.0,0.929,3.0,4.5,-1.5,1,13,0.729,low
cand_0223,arch_004,Site Reliability Engineer (SRE),0.071,0.831,0.247,0.478,0.664,0.0,0.929,1.8,4.0,-2.2,1,13,0.729,low
cand_0224,arch_004,Site Reliability Engineer (SRE),0.071,0.875,0.276,0.528,0.649,0.0,0.929,1.5,4.0,-2.5,1,13,0.729,low
cand_0225,arch_004,Site Reliability Engineer (SRE),0.071,0.877,0.329,0.499,0.681,0.0,0.929,2.8,4.0,-1.2,1,13,0.729,low
cand_0226,arch_004,Cybersecurity Analyst,0.182,0.708,0.274,0.516,0.653,0.0,0.818,1.8,2.5,-0.7,2,9,0.469,low
cand_0227,arch_004,Cybersecurity Analyst,0.182,0.712,0.237,0.515,0.606,0.0,0.818,2.7,2.5,0.2,2,9,0.469,low
cand_0228,arch_004,Cybersecurity Analyst,0.182,0.747,0.328,0.471,0.65,0.0,0.818,2.0,2.5,-0.5,2,9,0.469,low
cand_0229,arch_004,Cloud Security Engineer,0.077,0.716,0.288,0.575,0.662,0.0,0.923,1.8,4.0,-2.2,1,12,0.656,low
cand_0230,arch_004,Cloud Security Engineer,0.077,0.739,0.249,0.533,0.643,0.0,0.923,1.5,4.0,-2.5,1,12,0.656,low
cand_0231,arch_004,Cloud Security Engineer,0.077,0.767,0.314,0.578,0.61,0.0,0.923,3.5,4.0,-0.5,1,12,0.656,low
cand_0232,arch_004,QA Automation Engineer,0.333,0.748,0.574,0.545,0.682,0.0,0.667,1.8,2.5,-0.7,4,8,0.396,moderate
cand_0233,arch_004,QA Automation Engineer,0.333,0.714,0.662,0.506,0.665,0.0,0.667,2.2,2.5,-0.3,4,8,0.396,moderate
cand_0234,arch_004,QA Automation Engineer,0.333,0.678,0.579,0.541,0.554,0.0,0.667,2.8,2.5,0.3,4,8,0.396,moderate
cand_0235,arch_004,Mobile Developer (React Native / Flutter),0.545,0.757,0.296,0.569,0.673,0.0,0.455,1.8,2.5,-0.7,6,5,0.208,moderate
cand_0236,arch_004,Mobile Developer (React Native / Flutter),0.545,0.687,0.265,0.576,0.659,0.0,0.455,1.9,2.5,-0.6,6,5,0.208,moderate
cand_0237,arch_004,Mobile Developer (React Native / Flutter),0.545,0.783,0.261,0.505,0.666,0.0,0.455,2.0,2.5,-0.5,6,5,0.208,moderate
cand_0238,arch_004,Solutions Architect,0.214,0.768,0.297,0.559,0.662,0.0,0.786,1.8,6.5,-4.7,3,11,0.583,low
cand_0239,arch_004,Solutions Architect,0.214,0.748,0.272,0.503,0.632,0.0,0.786,2.5,6.5,-4.0,3,11,0.583,low
cand_0240,arch_004,Solutions Architect,0.214,0.693,0.33,0.479,0.555,0.0,0.786,1.5,6.5,-5.0,3,11,0.583,low
cand_0241,arch_005,Java Backend Developer,0.385,0.765,0.281,0.525,0.876,0.0,0.615,4.0,3.0,1.0,5,8,0.427,moderate
cand_0242,arch_005,Java Backend Developer,0.385,0.775,0.292,0.532,0.829,0.0,0.615,4.4,3.0,1.4,5,8,0.427,moderate
cand_0243,arch_005,Java Backend Developer,0.385,0.745,0.32,0.547,0.821,0.0,0.615,3.7,3.0,0.7,5,8,0.427,moderate
cand_0244,arch_005,Python Developer,0.417,0.714,0.302,0.576,0.866,0.0,0.583,4.0,2.5,1.5,5,7,0.385,moderate
cand_0245,arch_005,Python Developer,0.417,0.698,0.254,0.576,0.88,0.0,0.583,4.8,2.5,2.3,5,7,0.385,moderate
cand_0246,arch_005,Python Developer,0.417,0.784,0.328,0.515,0.768,0.0,0.583,5.6,2.5,3.1,5,7,0.385,moderate
cand_0247,arch_005,Full Stack Developer,0.857,0.716,0.283,0.896,0.882,0.333,0.143,4.0,3.0,1.0,12,2,0.083,high
cand_0248,arch_005,Full Stack Developer,0.857,0.676,0.278,0.825,0.892,0.333,0.143,4.9,3.0,1.9,12,2,0.083,high
cand_0249,arch_005,Full Stack Developer,0.857,0.685,0.238,0.799,0.853,0.333,0.143,5.0,3.0,2.0,12,2,0.083,high
cand_0250,arch_005,Frontend Developer,0.727,0.732,0.653,0.471,0.89,0.5,0.273,4.0,2.0,2.0,8,3,0.125,high
cand_0251,arch_005,Frontend Developer,0.727,0.782,0.611,0.508,0.847,0.5,0.273,4.9,2.0,2.9,8,3,0.125,high
cand_0252,arch_005,Frontend Developer,0.636,0.673,0.663,0.561,0.798,0.5,0.364,4.2,2.0,2.2,7,4,0.198,high
cand_0253,arch_005,Backend Developer,0.385,0.765,0.244,0.494,0.884,0.0,0.615,4.0,3.0,1.0,5,8,0.427,moderate
cand_0254,arch_005,Backend Developer,0.462,0.726,0.292,0.569,0.89,0.0,0.538,4.7,3.0,1.7,6,7,0.385,moderate
cand_0255,arch_005,Backend Developer,0.385,0.743,0.272,0.553,0.765,0.0,0.615,3.8,3.0,0.8,5,8,0.427,moderate
cand_0256,arch_005,Data Analyst,0.111,0.685,0.594,0.537,0.867,0.0,0.889,4.0,2.0,2.0,1,8,0.458,low
cand_0257,arch_005,Data Analyst,0.111,0.73,0.624,0.536,0.863,0.0,0.889,3.7,2.0,1.7,1,8,0.458,low
cand_0258,arch_005,Data Analyst,0.111,0.67,0.605,0.528,0.832,0.0,0.889,5.1,2.0,3.1,1,8,0.458,low
cand_0259,arch_005,Data Scientist,0.25,0.88,0.282,0.503,0.893,0.0,0.75,4.0,4.0,0.0,3,9,0.5,low
cand_0260,arch_005,Data Scientist,0.25,0.861,0.232,0.565,0.821,0.0,0.75,4.5,4.0,0.5,3,9,0.5,low
cand_0261,arch_005,Data Scientist,0.25,0.89,0.266,0.468,0.836,0.0,0.75,4.2,4.0,0.2,3,9,0.5,low
cand_0262,arch_005,Machine Learning Engineer,0.267,0.879,0.24,0.53,0.878,0.0,0.733,4.0,4.0,0.0,4,11,0.552,low
cand_0263,arch_005,Machine Learning Engineer,0.333,0.898,0.248,0.553,0.926,0.25,0.667,3.8,4.0,-0.2,5,10,0.51,moderate
cand_0264,arch_005,Machine Learning Engineer,0.267,0.897,0.236,0.553,0.854,0.0,0.733,5.0,4.0,1.0,4,11,0.552,low
cand_0265,arch_005,AI Engineer,0.462,0.835,0.234,0.484,0.82,0.0,0.538,4.0,3.5,0.5,6,7,0.354,moderate
cand_0266,arch_005,AI Engineer,0.462,0.919,0.284,0.49,0.877,0.0,0.538,5.1,3.5,1.6,6,7,0.354,moderate
cand_0267,arch_005,AI Engineer,0.462,0.894,0.317,0.5,0.827,0.0,0.538,3.7,3.5,0.2,6,7,0.354,moderate
cand_0268,arch_005,MLOps Engineer,0.267,0.844,0.319,0.549,0.889,0.0,0.733,4.0,4.5,-0.5,4,11,0.583,low
cand_0269,arch_005,MLOps Engineer,0.267,0.86,0.28,0.571,0.859,0.0,0.733,4.2,4.5,-0.3,4,11,0.583,low
cand_0270,arch_005,MLOps Engineer,0.267,0.809,0.29,0.559,0.861,0.0,0.733,5.3,4.5,0.8,4,11,0.583,low
cand_0271,arch_005,Data Engineer,0.357,0.709,0.238,0.539,0.842,0.0,0.643,4.0,3.5,0.5,5,9,0.438,moderate
cand_0272,arch_005,Data Engineer,0.357,0.753,0.265,0.465,0.887,0.0,0.643,4.6,3.5,1.1,5,9,0.438,moderate
cand_0273,arch_005,Data Engineer,0.357,0.703,0.328,0.574,0.823,0.0,0.643,4.1,3.5,0.6,5,9,0.438,moderate
cand_0274,arch_005,DevOps Engineer,0.214,0.877,0.266,0.556,0.871,0.0,0.786,4.0,3.5,0.5,3,11,0.583,low
cand_0275,arch_005,DevOps Engineer,0.286,0.804,0.237,0.553,0.918,0.0,0.714,5.1,3.5,1.6,4,10,0.542,moderate
cand_0276,arch_005,DevOps Engineer,0.214,0.873,0.298,0.574,0.847,0.0,0.786,4.2,3.5,0.7,3,11,0.583,low
cand_0277,arch_005,Cloud Engineer,0.286,0.892,0.287,0.524,0.849,0.0,0.714,4.0,3.0,1.0,4,10,0.51,moderate
cand_0278,arch_005,Cloud Engineer,0.357,0.803,0.249,0.522,0.962,0.333,0.643,4.6,3.0,1.6,5,9,0.469,moderate
cand_0279,arch_005,Cloud Engineer,0.286,0.884,0.251,0.533,0.873,0.0,0.714,3.5,3.0,0.5,4,10,0.51,moderate
cand_0280,arch_005,Platform Engineer,0.143,0.92,0.25,0.476,0.823,0.0,0.857,4.0,4.5,-0.5,2,12,0.656,low
cand_0281,arch_005,Platform Engineer,0.143,0.92,0.311,0.576,0.896,0.0,0.857,3.9,4.5,-0.6,2,12,0.656,low
cand_0282,arch_005,Platform Engineer,0.143,0.866,0.259,0.496,0.83,0.0,0.857,4.9,4.5,0.4,2,12,0.656,low
cand_0283,arch_005,Site Reliability Engineer (SRE),0.143,0.885,0.3,0.481,0.846,0.0,0.857,4.0,4.0,0.0,2,12,0.656,low
cand_0284,arch_005,Site Reliability Engineer (SRE),0.143,0.895,0.254,0.519,0.846,0.0,0.857,4.0,4.0,0.0,2,12,0.656,low
cand_0285,arch_005,Site Reliability Engineer (SRE),0.143,0.918,0.243,0.566,0.822,0.0,0.857,4.7,4.0,0.7,2,12,0.656,low
cand_0286,arch_005,Cybersecurity Analyst,0.182,0.718,0.302,0.517,0.85,0.0,0.818,4.0,2.5,1.5,2,9,0.469,low
cand_0287,arch_005,Cybersecurity Analyst,0.182,0.685,0.262,0.469,0.854,0.0,0.818,4.3,2.5,1.8,2,9,0.469,low
cand_0288,arch_005,Cybersecurity Analyst,0.182,0.747,0.248,0.576,0.78,0.0,0.818,4.5,2.5,2.0,2,9,0.469,low
cand_0289,arch_005,Cloud Security Engineer,0.154,0.779,0.236,0.475,0.829,0.0,0.846,4.0,4.0,0.0,2,11,0.583,low
cand_0290,arch_005,Cloud Security Engineer,0.231,0.712,0.324,0.567,0.956,0.333,0.769,3.9,4.0,-0.1,3,10,0.542,low
cand_0291,arch_005,Cloud Security Engineer,0.154,0.736,0.243,0.496,0.86,0.0,0.846,3.9,4.0,-0.1,2,11,0.583,low
cand_0292,arch_005,QA Automation Engineer,0.417,0.73,0.587,0.573,0.829,0.0,0.583,4.0,2.5,1.5,5,7,0.354,moderate
cand_0293,arch_005,QA Automation Engineer,0.417,0.743,0.654,0.528,0.883,0.0,0.583,4.7,2.5,2.2,5,7,0.354,moderate
cand_0294,arch_005,QA Automation Engineer,0.333,0.763,0.596,0.485,0.791,0.0,0.667,3.3,2.5,0.8,4,8,0.427,moderate
cand_0295,arch_005,Mobile Developer (React Native / Flutter),0.545,0.744,0.233,0.567,0.861,0.0,0.455,4.0,2.5,1.5,6,5,0.208,moderate
cand_0296,arch_005,Mobile Developer (React Native / Flutter),0.636,0.767,0.298,0.496,0.894,0.333,0.364,4.6,2.5,2.1,7,4,0.167,high
cand_0297,arch_005,Mobile Developer (React Native / Flutter),0.545,0.728,0.25,0.533,0.842,0.0,0.455,3.4,2.5,0.9,6,5,0.208,moderate
cand_0298,arch_005,Solutions Architect,0.286,0.756,0.303,0.563,0.895,0.0,0.714,4.0,6.5,-2.5,4,10,0.542,low
cand_0299,arch_005,Solutions Architect,0.357,0.708,0.277,0.492,0.908,0.333,0.643,3.8,6.5,-2.7,5,9,0.5,low
cand_0300,arch_005,Solutions Architect,0.286,0.716,0.292,0.49,0.886,0.0,0.714,3.5,6.5,-3.0,4,10,0.542,low
cand_0301,arch_006,Java Backend Developer,0.692,0.689,0.263,0.529,1.0,0.667,0.308,7.5,3.0,4.5,9,4,0.229,high
cand_0302,arch_006,Java Backend Developer,0.692,0.732,0.28,0.497,1.0,0.667,0.308,8.3,3.0,5.3,9,4,0.229,high
cand_0303,arch_006,Java Backend Developer,0.692,0.786,0.252,0.502,1.0,0.667,0.308,9.2,3.0,6.2,9,4,0.229,high
cand_0304,arch_006,Python Developer,0.583,0.729,0.318,0.539,1.0,0.333,0.417,7.5,2.5,5.0,7,5,0.271,high
cand_0305,arch_006,Python Developer,0.583,0.722,0.318,0.547,1.0,0.333,0.417,8.0,2.5,5.5,7,5,0.271,high
cand_0306,arch_006,Python Developer,0.583,0.738,0.249,0.526,1.0,0.333,0.417,7.7,2.5,5.2,7,5,0.271,high
cand_0307,arch_006,Full Stack Developer,0.643,0.731,0.306,0.814,1.0,0.0,0.357,7.5,3.0,4.5,9,5,0.208,high
cand_0308,arch_006,Full Stack Developer,0.714,0.717,0.309,0.821,1.0,0.333,0.286,8.2,3.0,5.2,10,4,0.167,high
cand_0309,arch_006,Full Stack Developer,0.571,0.718,0.234,0.785,1.0,0.0,0.429,8.7,3.0,5.7,8,6,0.281,high
cand_0310,arch_006,Frontend Developer,0.455,0.766,0.622,0.478,1.0,0.0,0.545,7.5,2.0,5.5,5,6,0.281,moderate
cand_0311,arch_006,Frontend Developer,0.455,0.708,0.609,0.534,1.0,0.0,0.545,7.3,2.0,5.3,5,6,0.281,moderate
cand_0312,arch_006,Frontend Developer,0.455,0.731,0.619,0.528,1.0,0.0,0.545,8.2,2.0,6.2,5,6,0.281,moderate
cand_0313,arch_006,Backend Developer,0.769,0.672,0.263,0.473,1.0,0.667,0.231,7.5,3.0,4.5,10,3,0.156,high
cand_0314,arch_006,Backend Developer,0.769,0.775,0.293,0.532,1.0,0.667,0.231,7.6,3.0,4.6,10,3,0.156,high
cand_0315,arch_006,Backend Developer,0.769,0.739,0.253,0.466,1.0,0.667,0.231,8.4,3.0,5.4,10,3,0.156,high
cand_0316,arch_006,Data Analyst,0.222,0.733,0.642,0.553,1.0,0.0,0.778,7.5,2.0,5.5,2,7,0.417,low
cand_0317,arch_006,Data Analyst,0.333,0.693,0.614,0.51,1.0,0.5,0.667,8.4,2.0,6.4,3,6,0.375,moderate
cand_0318,arch_006,Data Analyst,0.222,0.743,0.617,0.562,1.0,0.0,0.778,7.2,2.0,5.2,2,7,0.417,low
cand_0319,arch_006,Data Scientist,0.333,0.885,0.282,0.527,1.0,0.0,0.667,7.5,4.0,3.5,4,8,0.427,moderate
cand_0320,arch_006,Data Scientist,0.417,0.855,0.283,0.526,1.0,0.0,0.583,7.9,4.0,3.9,5,7,0.385,moderate
cand_0321,arch_006,Data Scientist,0.333,0.896,0.256,0.518,1.0,0.0,0.667,9.0,4.0,5.0,4,8,0.427,moderate
cand_0322,arch_006,Machine Learning Engineer,0.4,0.833,0.26,0.573,1.0,0.0,0.6,7.5,4.0,3.5,6,9,0.438,moderate
cand_0323,arch_006,Machine Learning Engineer,0.4,0.883,0.279,0.518,1.0,0.0,0.6,8.3,4.0,4.3,6,9,0.438,moderate
cand_0324,arch_006,Machine Learning Engineer,0.4,0.835,0.287,0.525,1.0,0.0,0.6,9.1,4.0,5.1,6,9,0.438,moderate
cand_0325,arch_006,AI Engineer,0.462,0.847,0.265,0.553,1.0,0.0,0.538,7.5,3.5,4.0,6,7,0.323,moderate
cand_0326,arch_006,AI Engineer,0.462,0.809,0.322,0.539,1.0,0.0,0.538,7.2,3.5,3.7,6,7,0.323,moderate
cand_0327,arch_006,AI Engineer,0.462,0.833,0.286,0.493,1.0,0.0,0.538,7.3,3.5,3.8,6,7,0.323,moderate
cand_0328,arch_006,MLOps Engineer,0.6,0.889,0.254,0.466,1.0,0.0,0.4,7.5,4.5,3.0,9,6,0.281,high
cand_0329,arch_006,MLOps Engineer,0.6,0.85,0.302,0.472,1.0,0.0,0.4,7.5,4.5,3.0,9,6,0.281,high
cand_0330,arch_006,MLOps Engineer,0.6,0.911,0.271,0.572,1.0,0.0,0.4,6.7,4.5,2.2,9,6,0.281,high
cand_0331,arch_006,Data Engineer,0.429,0.727,0.25,0.576,1.0,0.0,0.571,7.5,3.5,4.0,6,8,0.365,moderate
cand_0332,arch_006,Data Engineer,0.429,0.681,0.287,0.524,1.0,0.0,0.571,8.1,3.5,4.6,6,8,0.365,moderate
cand_0333,arch_006,Data Engineer,0.429,0.691,0.318,0.481,1.0,0.0,0.571,9.1,3.5,5.6,6,8,0.365,moderate
cand_0334,arch_006,DevOps Engineer,0.571,0.92,0.27,0.519,1.0,0.0,0.429,7.5,3.5,4.0,8,6,0.281,high
cand_0335,arch_006,DevOps Engineer,0.571,0.905,0.231,0.528,1.0,0.0,0.429,8.6,3.5,5.1,8,6,0.281,high
cand_0336,arch_006,DevOps Engineer,0.571,0.919,0.284,0.519,1.0,0.0,0.429,9.3,3.5,5.8,8,6,0.281,high
cand_0337,arch_006,Cloud Engineer,0.571,0.902,0.277,0.483,1.0,0.0,0.429,7.5,3.0,4.5,8,6,0.281,high
cand_0338,arch_006,Cloud Engineer,0.571,0.831,0.249,0.548,1.0,0.0,0.429,7.4,3.0,4.4,8,6,0.281,high
cand_0339,arch_006,Cloud Engineer,0.571,0.821,0.316,0.568,1.0,0.0,0.429,8.2,3.0,5.2,8,6,0.281,high
cand_0340,arch_006,Platform Engineer,0.571,0.862,0.239,0.54,1.0,0.0,0.429,7.5,4.5,3.0,8,6,0.312,high
cand_0341,arch_006,Platform Engineer,0.571,0.801,0.268,0.514,1.0,0.0,0.429,7.3,4.5,2.8,8,6,0.312,high
cand_0342,arch_006,Platform Engineer,0.571,0.869,0.256,0.503,1.0,0.0,0.429,7.6,4.5,3.1,8,6,0.312,high
cand_0343,arch_006,Site Reliability Engineer (SRE),0.5,0.88,0.277,0.479,1.0,0.0,0.5,7.5,4.0,3.5,7,7,0.323,moderate
cand_0344,arch_006,Site Reliability Engineer (SRE),0.5,0.892,0.299,0.537,1.0,0.0,0.5,8.6,4.0,4.6,7,7,0.323,moderate
cand_0345,arch_006,Site Reliability Engineer (SRE),0.5,0.857,0.275,0.579,0.99,0.0,0.5,7.7,4.0,3.7,7,7,0.323,moderate
cand_0346,arch_006,Cybersecurity Analyst,0.273,0.754,0.321,0.551,1.0,0.0,0.727,7.5,2.5,5.0,3,8,0.427,low
cand_0347,arch_006,Cybersecurity Analyst,0.273,0.752,0.29,0.554,1.0,0.0,0.727,8.4,2.5,5.9,3,8,0.427,low
cand_0348,arch_006,Cybersecurity Analyst,0.273,0.78,0.241,0.559,1.0,0.0,0.727,8.1,2.5,5.6,3,8,0.427,low
cand_0349,arch_006,Cloud Security Engineer,0.462,0.694,0.284,0.48,1.0,0.0,0.538,7.5,4.0,3.5,6,7,0.354,moderate
cand_0350,arch_006,Cloud Security Engineer,0.462,0.756,0.279,0.568,1.0,0.0,0.538,7.8,4.0,3.8,6,7,0.354,moderate
cand_0351,arch_006,Cloud Security Engineer,0.462,0.725,0.236,0.515,1.0,0.0,0.538,6.8,4.0,2.8,6,7,0.354,moderate
cand_0352,arch_006,QA Automation Engineer,0.583,0.757,0.61,0.558,1.0,0.0,0.417,7.5,2.5,5.0,7,5,0.24,high
cand_0353,arch_006,QA Automation Engineer,0.583,0.754,0.624,0.467,1.0,0.0,0.417,8.0,2.5,5.5,7,5,0.24,high
cand_0354,arch_006,QA Automation Engineer,0.583,0.704,0.588,0.476,1.0,0.0,0.417,9.3,2.5,6.8,7,5,0.24,high
cand_0355,arch_006,Mobile Developer (React Native / Flutter),0.455,0.758,0.326,0.505,1.0,0.0,0.545,7.5,2.5,5.0,5,6,0.25,moderate
cand_0356,arch_006,Mobile Developer (React Native / Flutter),0.455,0.715,0.238,0.576,1.0,0.0,0.545,7.8,2.5,5.3,5,6,0.25,moderate
cand_0357,arch_006,Mobile Developer (React Native / Flutter),0.455,0.684,0.329,0.507,1.0,0.0,0.545,7.0,2.5,4.5,5,6,0.25,moderate
cand_0358,arch_006,Solutions Architect,0.643,0.787,0.313,0.551,1.0,0.0,0.357,7.5,6.5,1.0,9,5,0.24,high
cand_0359,arch_006,Solutions Architect,0.643,0.721,0.268,0.488,1.0,0.0,0.357,7.8,6.5,1.3,9,5,0.24,moderate
cand_0360,arch_006,Solutions Architect,0.643,0.757,0.241,0.557,0.994,0.0,0.357,7.1,6.5,0.6,9,5,0.24,moderate
cand_0361,arch_007,Java Backend Developer,0.385,0.762,0.318,0.782,0.476,0.0,0.615,1.2,3.0,-1.8,5,8,0.427,moderate
cand_0362,arch_007,Java Backend Developer,0.462,0.699,0.234,0.833,0.575,0.333,0.538,1.0,3.0,-2.0,6,7,0.385,moderate
cand_0363,arch_007,Java Backend Developer,0.385,0.687,0.329,0.808,0.533,0.0,0.615,2.4,3.0,-0.6,5,8,0.427,moderate
cand_0364,arch_007,Python Developer,0.583,0.739,0.288,0.873,0.525,0.0,0.417,1.2,2.5,-1.3,7,5,0.24,moderate
cand_0365,arch_007,Python Developer,0.583,0.788,0.282,0.83,0.482,0.0,0.417,1.2,2.5,-1.3,7,5,0.24,moderate
cand_0366,arch_007,Python Developer,0.583,0.758,0.248,0.861,0.504,0.0,0.417,1.8,2.5,-0.7,7,5,0.24,moderate
cand_0367,arch_007,Full Stack Developer,0.286,0.676,0.264,0.537,0.49,0.0,0.714,1.2,3.0,-1.8,4,10,0.542,low
cand_0368,arch_007,Full Stack Developer,0.286,0.719,0.26,0.482,0.503,0.0,0.714,1.6,3.0,-1.4,4,10,0.542,low
cand_0369,arch_007,Full Stack Developer,0.286,0.755,0.311,0.57,0.434,0.0,0.714,1.0,3.0,-2.0,4,10,0.542,low
cand_0370,arch_007,Frontend Developer,0.182,0.786,0.626,0.476,0.479,0.0,0.818,1.2,2.0,-0.8,2,9,0.5,low
cand_0371,arch_007,Frontend Developer,0.182,0.781,0.655,0.471,0.518,0.0,0.818,1.1,2.0,-0.9,2,9,0.5,low
cand_0372,arch_007,Frontend Developer,0.182,0.751,0.63,0.565,0.475,0.0,0.818,0.9,2.0,-1.1,2,9,0.5,low
cand_0373,arch_007,Backend Developer,0.308,0.761,0.302,0.847,0.498,0.0,0.692,1.2,3.0,-1.8,4,9,0.469,moderate
cand_0374,arch_007,Backend Developer,0.385,0.695,0.249,0.869,0.591,0.333,0.615,2.2,3.0,-0.8,5,8,0.427,moderate
cand_0375,arch_007,Backend Developer,0.308,0.753,0.3,0.828,0.479,0.0,0.692,2.4,3.0,-0.6,4,9,0.469,moderate
cand_0376,arch_007,Data Analyst,0.222,0.709,0.598,0.516,0.512,0.0,0.778,1.2,2.0,-0.8,2,7,0.417,low
cand_0377,arch_007,Data Analyst,0.333,0.726,0.65,0.547,0.592,0.5,0.667,1.3,2.0,-0.7,3,6,0.375,moderate
cand_0378,arch_007,Data Analyst,0.222,0.72,0.626,0.487,0.4,0.0,0.778,1.2,2.0,-0.8,2,7,0.417,low
cand_0379,arch_007,Data Scientist,0.25,0.831,0.323,0.529,0.493,0.0,0.75,1.2,4.0,-2.8,3,9,0.469,low
cand_0380,arch_007,Data Scientist,0.333,0.868,0.255,0.526,0.607,0.0,0.667,1.0,4.0,-3.0,4,8,0.427,low
cand_0381,arch_007,Data Scientist,0.25,0.859,0.302,0.549,0.497,0.0,0.75,1.3,4.0,-2.7,3,9,0.469,low
cand_0382,arch_007,Machine Learning Engineer,0.333,0.888,0.265,0.477,0.504,0.0,0.667,1.2,4.0,-2.8,5,10,0.51,low
cand_0383,arch_007,Machine Learning Engineer,0.333,0.919,0.326,0.523,0.527,0.0,0.667,1.1,4.0,-2.9,5,10,0.51,low
cand_0384,arch_007,Machine Learning Engineer,0.333,0.806,0.231,0.476,0.51,0.0,0.667,0.6,4.0,-3.4,5,10,0.51,low
cand_0385,arch_007,AI Engineer,0.385,0.808,0.245,0.486,0.496,0.0,0.615,1.2,3.5,-2.3,5,8,0.396,low
cand_0386,arch_007,AI Engineer,0.385,0.912,0.321,0.539,0.461,0.0,0.615,0.9,3.5,-2.6,5,8,0.396,low
cand_0387,arch_007,AI Engineer,0.385,0.802,0.302,0.524,0.483,0.0,0.615,1.8,3.5,-1.7,5,8,0.396,moderate
cand_0388,arch_007,MLOps Engineer,0.333,0.86,0.3,0.512,0.535,0.0,0.667,1.2,4.5,-3.3,5,10,0.51,low
cand_0389,arch_007,MLOps Engineer,0.333,0.863,0.254,0.534,0.48,0.0,0.667,1.1,4.5,-3.4,5,10,0.51,low
cand_0390,arch_007,MLOps Engineer,0.333,0.809,0.326,0.515,0.479,0.0,0.667,1.3,4.5,-3.2,5,10,0.51,low
cand_0391,arch_007,Data Engineer,0.429,0.754,0.26,0.559,0.466,0.0,0.571,1.2,3.5,-2.3,6,8,0.396,moderate
cand_0392,arch_007,Data Engineer,0.429,0.674,0.271,0.505,0.498,0.0,0.571,2.4,3.5,-1.1,6,8,0.396,moderate
cand_0393,arch_007,Data Engineer,0.429,0.68,0.315,0.537,0.487,0.0,0.571,2.1,3.5,-1.4,6,8,0.396,moderate
cand_0394,arch_007,DevOps Engineer,0.286,0.917,0.327,0.567,0.534,0.0,0.714,1.2,3.5,-2.3,4,10,0.542,low
cand_0395,arch_007,DevOps Engineer,0.286,0.883,0.287,0.493,0.534,0.0,0.714,1.2,3.5,-2.3,4,10,0.542,low
cand_0396,arch_007,DevOps Engineer,0.286,0.865,0.296,0.482,0.528,0.0,0.714,2.2,3.5,-1.3,4,10,0.542,low
cand_0397,arch_007,Cloud Engineer,0.357,0.802,0.251,0.477,0.526,0.0,0.643,1.2,3.0,-1.8,5,9,0.469,low
cand_0398,arch_007,Cloud Engineer,0.357,0.836,0.286,0.528,0.528,0.0,0.643,2.1,3.0,-0.9,5,9,0.469,moderate
cand_0399,arch_007,Cloud Engineer,0.357,0.846,0.304,0.555,0.515,0.0,0.643,2.2,3.0,-0.8,5,9,0.469,moderate
cand_0400,arch_007,Platform Engineer,0.214,0.809,0.305,0.502,0.468,0.0,0.786,1.2,4.5,-3.3,3,11,0.615,low
cand_0401,arch_007,Platform Engineer,0.214,0.916,0.263,0.536,0.523,0.0,0.786,1.2,4.5,-3.3,3,11,0.615,low
cand_0402,arch_007,Platform Engineer,0.214,0.913,0.273,0.542,0.441,0.0,0.786,1.6,4.5,-2.9,3,11,0.615,low
cand_0403,arch_007,Site Reliability Engineer (SRE),0.214,0.81,0.292,0.556,0.517,0.0,0.786,1.2,4.0,-2.8,3,11,0.583,low
cand_0404,arch_007,Site Reliability Engineer (SRE),0.286,0.889,0.262,0.473,0.532,0.0,0.714,0.9,4.0,-3.1,4,10,0.542,low
cand_0405,arch_007,Site Reliability Engineer (SRE),0.214,0.832,0.243,0.482,0.496,0.0,0.786,1.2,4.0,-2.8,3,11,0.583,low
cand_0406,arch_007,Cybersecurity Analyst,0.364,0.737,0.271,0.463,0.488,0.0,0.636,1.2,2.5,-1.3,4,7,0.354,low
cand_0407,arch_007,Cybersecurity Analyst,0.364,0.709,0.269,0.495,0.491,0.0,0.636,0.9,2.5,-1.6,4,7,0.354,low
cand_0408,arch_007,Cybersecurity Analyst,0.364,0.779,0.328,0.529,0.474,0.0,0.636,0.6,2.5,-1.9,4,7,0.354,low
cand_0409,arch_007,Cloud Security Engineer,0.231,0.716,0.244,0.496,0.499,0.0,0.769,1.2,4.0,-2.8,3,10,0.542,low
cand_0410,arch_007,Cloud Security Engineer,0.231,0.721,0.278,0.469,0.48,0.0,0.769,0.9,4.0,-3.1,3,10,0.542,low
cand_0411,arch_007,Cloud Security Engineer,0.231,0.741,0.25,0.473,0.484,0.0,0.769,1.0,4.0,-3.0,3,10,0.542,low
cand_0412,arch_007,QA Automation Engineer,0.417,0.784,0.603,0.534,0.524,0.0,0.583,1.2,2.5,-1.3,5,7,0.354,moderate
cand_0413,arch_007,QA Automation Engineer,0.417,0.769,0.635,0.531,0.484,0.0,0.583,1.3,2.5,-1.2,5,7,0.354,moderate
cand_0414,arch_007,QA Automation Engineer,0.417,0.727,0.588,0.508,0.486,0.0,0.583,2.0,2.5,-0.5,5,7,0.354,moderate
cand_0415,arch_007,Mobile Developer (React Native / Flutter),0.182,0.758,0.293,0.576,0.523,0.0,0.818,1.2,2.5,-1.3,2,9,0.469,low
cand_0416,arch_007,Mobile Developer (React Native / Flutter),0.273,0.714,0.323,0.484,0.611,0.0,0.727,1.3,2.5,-1.2,3,8,0.427,low
cand_0417,arch_007,Mobile Developer (React Native / Flutter),0.182,0.673,0.303,0.573,0.477,0.0,0.818,0.9,2.5,-1.6,2,9,0.469,low
cand_0418,arch_007,Solutions Architect,0.357,0.766,0.313,0.468,0.528,0.0,0.643,1.2,6.5,-5.3,5,9,0.5,low
cand_0419,arch_007,Solutions Architect,0.357,0.687,0.26,0.49,0.472,0.0,0.643,2.1,6.5,-4.4,5,9,0.5,low
cand_0420,arch_007,Solutions Architect,0.357,0.724,0.29,0.53,0.503,0.0,0.643,1.5,6.5,-5.0,5,9,0.5,low
cand_0421,arch_008,Java Backend Developer,0.538,0.781,0.317,0.83,0.749,0.0,0.462,3.5,3.0,0.5,7,6,0.312,moderate
cand_0422,arch_008,Java Backend Developer,0.538,0.767,0.289,0.89,0.754,0.0,0.462,4.6,3.0,1.6,7,6,0.312,high
cand_0423,arch_008,Java Backend Developer,0.538,0.69,0.291,0.848,0.797,0.0,0.462,3.3,3.0,0.3,7,6,0.312,moderate
cand_0424,arch_008,Python Developer,0.75,0.748,0.327,0.82,0.809,0.0,0.25,3.5,2.5,1.0,9,3,0.125,high
cand_0425,arch_008,Python Developer,0.75,0.731,0.282,0.85,0.792,0.0,0.25,3.3,2.5,0.8,9,3,0.125,high
cand_0426,arch_008,Python Developer,0.75,0.763,0.289,0.84,0.773,0.0,0.25,3.9,2.5,1.4,9,3,0.125,high
cand_0427,arch_008,Full Stack Developer,0.357,0.673,0.24,0.51,0.823,0.0,0.643,3.5,3.0,0.5,5,9,0.5,moderate
cand_0428,arch_008,Full Stack Developer,0.357,0.687,0.261,0.515,0.762,0.0,0.643,3.3,3.0,0.3,5,9,0.5,moderate
cand_0429,arch_008,Full Stack Developer,0.357,0.723,0.3,0.498,0.77,0.0,0.643,4.0,3.0,1.0,5,9,0.5,moderate
cand_0430,arch_008,Frontend Developer,0.182,0.767,0.582,0.562,0.798,0.0,0.818,3.5,2.0,1.5,2,9,0.5,low
cand_0431,arch_008,Frontend Developer,0.273,0.699,0.587,0.479,0.862,0.0,0.727,4.2,2.0,2.2,3,8,0.458,low
cand_0432,arch_008,Frontend Developer,0.182,0.746,0.589,0.539,0.706,0.0,0.818,5.2,2.0,3.2,2,9,0.5,low
cand_0433,arch_008,Backend Developer,0.538,0.758,0.318,0.834,0.78,0.0,0.462,3.5,3.0,0.5,7,6,0.344,moderate
cand_0434,arch_008,Backend Developer,0.538,0.76,0.311,0.788,0.754,0.0,0.462,3.1,3.0,0.1,7,6,0.344,moderate
cand_0435,arch_008,Backend Developer,0.538,0.694,0.241,0.86,0.713,0.0,0.462,5.0,3.0,2.0,7,6,0.344,high
cand_0436,arch_008,Data Analyst,0.222,0.786,0.601,0.507,0.777,0.0,0.778,3.5,2.0,1.5,2,7,0.417,low
cand_0437,arch_008,Data Analyst,0.333,0.744,0.651,0.545,0.841,0.5,0.667,3.3,2.0,1.3,3,6,0.375,moderate
cand_0438,arch_008,Data Analyst,0.222,0.708,0.594,0.474,0.704,0.0,0.778,4.3,2.0,2.3,2,7,0.417,low
cand_0439,arch_008,Data Scientist,0.333,0.817,0.269,0.532,0.792,0.0,0.667,3.5,4.0,-0.5,4,8,0.427,moderate
cand_0440,arch_008,Data Scientist,0.333,0.864,0.322,0.572,0.76,0.0,0.667,3.8,4.0,-0.2,4,8,0.427,moderate
cand_0441,arch_008,Data Scientist,0.333,0.822,0.314,0.534,0.815,0.0,0.667,3.1,4.0,-0.9,4,8,0.427,low
cand_0442,arch_008,Machine Learning Engineer,0.4,0.914,0.278,0.483,0.776,0.0,0.6,3.5,4.0,-0.5,6,9,0.438,moderate
cand_0443,arch_008,Machine Learning Engineer,0.4,0.849,0.279,0.545,0.781,0.0,0.6,4.0,4.0,0.0,6,9,0.438,moderate
cand_0444,arch_008,Machine Learning Engineer,0.4,0.896,0.252,0.464,0.764,0.0,0.6,3.1,4.0,-0.9,6,9,0.438,moderate
cand_0445,arch_008,AI Engineer,0.462,0.835,0.308,0.528,0.808,0.0,0.538,3.5,3.5,0.0,6,7,0.354,moderate
cand_0446,arch_008,AI Engineer,0.462,0.869,0.257,0.525,0.825,0.0,0.538,3.9,3.5,0.4,6,7,0.354,moderate
cand_0447,arch_008,AI Engineer,0.462,0.891,0.274,0.486,0.78,0.0,0.538,4.1,3.5,0.6,6,7,0.354,moderate
cand_0448,arch_008,MLOps Engineer,0.4,0.888,0.295,0.49,0.816,0.0,0.6,3.5,4.5,-1.0,6,9,0.438,moderate
cand_0449,arch_008,MLOps Engineer,0.467,0.853,0.329,0.553,0.836,0.0,0.533,3.2,4.5,-1.3,7,8,0.396,moderate
cand_0450,arch_008,MLOps Engineer,0.4,0.842,0.301,0.536,0.759,0.0,0.6,4.8,4.5,0.3,6,9,0.438,moderate
cand_0451,arch_008,Data Engineer,0.5,0.687,0.251,0.485,0.75,0.0,0.5,3.5,3.5,0.0,7,7,0.323,moderate
cand_0452,arch_008,Data Engineer,0.5,0.709,0.3,0.495,0.767,0.0,0.5,3.7,3.5,0.2,7,7,0.323,moderate
cand_0453,arch_008,Data Engineer,0.5,0.752,0.24,0.576,0.809,0.0,0.5,4.9,3.5,1.4,7,7,0.323,moderate
cand_0454,arch_008,DevOps Engineer,0.357,0.91,0.329,0.564,0.756,0.0,0.643,3.5,3.5,0.0,5,9,0.469,moderate
cand_0455,arch_008,DevOps Engineer,0.357,0.899,0.306,0.541,0.785,0.0,0.643,4.5,3.5,1.0,5,9,0.469,moderate
cand_0456,arch_008,DevOps Engineer,0.357,0.85,0.275,0.536,0.816,0.0,0.643,4.2,3.5,0.7,5,9,0.469,moderate
cand_0457,arch_008,Cloud Engineer,0.429,0.811,0.282,0.493,0.821,0.0,0.571,3.5,3.0,0.5,6,8,0.396,moderate
cand_0458,arch_008,Cloud Engineer,0.429,0.839,0.23,0.553,0.804,0.0,0.571,3.7,3.0,0.7,6,8,0.396,moderate
cand_0459,arch_008,Cloud Engineer,0.429,0.88,0.266,0.468,0.788,0.0,0.571,4.6,3.0,1.6,6,8,0.396,moderate
cand_0460,arch_008,Platform Engineer,0.357,0.826,0.273,0.485,0.767,0.0,0.643,3.5,4.5,-1.0,5,9,0.5,low
cand_0461,arch_008,Platform Engineer,0.429,0.868,0.279,0.501,0.872,0.0,0.571,4.4,4.5,-0.1,6,8,0.458,moderate
cand_0462,arch_008,Platform Engineer,0.286,0.802,0.323,0.479,0.711,0.0,0.714,2.8,4.5,-1.7,4,10,0.573,low
cand_0463,arch_008,Site Reliability Engineer (SRE),0.286,0.919,0.273,0.579,0.818,0.0,0.714,3.5,4.0,-0.5,4,10,0.51,low
cand_0464,arch_008,Site Reliability Engineer (SRE),0.357,0.811,0.266,0.47,0.87,0.0,0.643,4.5,4.0,0.5,5,9,0.469,moderate
cand_0465,arch_008,Site Reliability Engineer (SRE),0.214,0.837,0.3,0.488,0.727,0.0,0.786,4.4,4.0,0.4,3,11,0.583,low
cand_0466,arch_008,Cybersecurity Analyst,0.364,0.754,0.23,0.517,0.756,0.0,0.636,3.5,2.5,1.0,4,7,0.354,moderate
cand_0467,arch_008,Cybersecurity Analyst,0.364,0.671,0.3,0.558,0.825,0.0,0.636,3.5,2.5,1.0,4,7,0.354,moderate
cand_0468,arch_008,Cybersecurity Analyst,0.364,0.697,0.239,0.557,0.683,0.0,0.636,3.8,2.5,1.3,4,7,0.354,moderate
cand_0469,arch_008,Cloud Security Engineer,0.308,0.714,0.26,0.506,0.811,0.0,0.692,3.5,4.0,-0.5,4,9,0.469,low
cand_0470,arch_008,Cloud Security Engineer,0.308,0.751,0.237,0.528,0.795,0.0,0.692,4.5,4.0,0.5,4,9,0.469,moderate
cand_0471,arch_008,Cloud Security Engineer,0.308,0.696,0.305,0.57,0.795,0.0,0.692,3.1,4.0,-0.9,4,9,0.469,low
cand_0472,arch_008,QA Automation Engineer,0.5,0.723,0.592,0.568,0.757,0.0,0.5,3.5,2.5,1.0,6,6,0.312,moderate
cand_0473,arch_008,QA Automation Engineer,0.5,0.712,0.613,0.555,0.766,0.0,0.5,3.3,2.5,0.8,6,6,0.312,moderate
cand_0474,arch_008,QA Automation Engineer,0.5,0.742,0.631,0.553,0.73,0.0,0.5,4.4,2.5,1.9,6,6,0.312,moderate
cand_0475,arch_008,Mobile Developer (React Native / Flutter),0.182,0.772,0.296,0.496,0.787,0.0,0.818,3.5,2.5,1.0,2,9,0.469,low
cand_0476,arch_008,Mobile Developer (React Native / Flutter),0.182,0.705,0.235,0.568,0.822,0.0,0.818,3.9,2.5,1.4,2,9,0.469,low
cand_0477,arch_008,Mobile Developer (React Native / Flutter),0.182,0.747,0.237,0.567,0.675,0.0,0.818,4.0,2.5,1.5,2,9,0.469,low
cand_0478,arch_008,Solutions Architect,0.5,0.713,0.262,0.506,0.813,0.0,0.5,3.5,6.5,-3.0,7,7,0.385,moderate
cand_0479,arch_008,Solutions Architect,0.5,0.691,0.277,0.578,0.752,0.0,0.5,3.8,6.5,-2.7,7,7,0.385,moderate
cand_0480,arch_008,Solutions Architect,0.429,0.675,0.236,0.555,0.715,0.0,0.571,4.2,6.5,-2.3,6,8,0.427,low
cand_0481,arch_009,Java Backend Developer,0.769,0.745,0.28,0.83,1.0,1.0,0.231,6.8,3.0,3.8,10,3,0.188,high
cand_0482,arch_009,Java Backend Developer,0.769,0.744,0.258,0.817,1.0,1.0,0.231,6.5,3.0,3.5,10,3,0.188,high
cand_0483,arch_009,Java Backend Developer,0.769,0.734,0.269,0.856,1.0,1.0,0.231,6.5,3.0,3.5,10,3,0.188,high
cand_0484,arch_009,Python Developer,0.833,0.752,0.237,0.864,1.0,0.333,0.167,6.8,2.5,4.3,10,2,0.083,high
cand_0485,arch_009,Python Developer,0.833,0.781,0.242,0.853,1.0,0.333,0.167,7.8,2.5,5.3,10,2,0.083,high
cand_0486,arch_009,Python Developer,0.833,0.691,0.231,0.796,1.0,0.333,0.167,7.7,2.5,5.2,10,2,0.083,high
cand_0487,arch_009,Full Stack Developer,0.357,0.73,0.265,0.522,1.0,0.0,0.643,6.8,3.0,3.8,5,9,0.5,moderate
cand_0488,arch_009,Full Stack Developer,0.357,0.758,0.242,0.568,1.0,0.0,0.643,6.8,3.0,3.8,5,9,0.5,moderate
cand_0489,arch_009,Full Stack Developer,0.357,0.702,0.328,0.535,1.0,0.0,0.643,7.1,3.0,4.1,5,9,0.5,moderate
cand_0490,arch_009,Frontend Developer,0.182,0.731,0.576,0.563,1.0,0.0,0.818,6.8,2.0,4.8,2,9,0.5,low
cand_0491,arch_009,Frontend Developer,0.182,0.777,0.637,0.474,1.0,0.0,0.818,6.7,2.0,4.7,2,9,0.5,low
cand_0492,arch_009,Frontend Developer,0.182,0.671,0.575,0.504,1.0,0.0,0.818,6.0,2.0,4.0,2,9,0.5,low
cand_0493,arch_009,Backend Developer,0.846,0.691,0.326,0.784,1.0,1.0,0.154,6.8,3.0,3.8,11,2,0.146,high
cand_0494,arch_009,Backend Developer,0.846,0.697,0.255,0.89,1.0,1.0,0.154,7.5,3.0,4.5,11,2,0.146,high
cand_0495,arch_009,Backend Developer,0.846,0.684,0.297,0.786,1.0,1.0,0.154,8.1,3.0,5.1,11,2,0.146,high
cand_0496,arch_009,Data Analyst,0.222,0.732,0.575,0.508,1.0,0.0,0.778,6.8,2.0,4.8,2,7,0.417,low
cand_0497,arch_009,Data Analyst,0.222,0.707,0.579,0.515,1.0,0.0,0.778,7.8,2.0,5.8,2,7,0.417,low
cand_0498,arch_009,Data Analyst,0.222,0.759,0.594,0.504,1.0,0.0,0.778,6.8,2.0,4.8,2,7,0.417,low
cand_0499,arch_009,Data Scientist,0.333,0.92,0.308,0.548,1.0,0.0,0.667,6.8,4.0,2.8,4,8,0.427,moderate
cand_0500,arch_009,Data Scientist,0.333,0.803,0.284,0.536,1.0,0.0,0.667,7.7,4.0,3.7,4,8,0.427,moderate
cand_0501,arch_009,Data Scientist,0.333,0.891,0.268,0.549,1.0,0.0,0.667,6.0,4.0,2.0,4,8,0.427,moderate
cand_0502,arch_009,Machine Learning Engineer,0.467,0.825,0.328,0.51,1.0,0.0,0.533,6.8,4.0,2.8,7,8,0.396,moderate
cand_0503,arch_009,Machine Learning Engineer,0.533,0.811,0.322,0.568,1.0,0.0,0.467,8.0,4.0,4.0,8,7,0.354,moderate
cand_0504,arch_009,Machine Learning Engineer,0.467,0.917,0.238,0.471,1.0,0.0,0.533,7.8,4.0,3.8,7,8,0.396,moderate
cand_0505,arch_009,AI Engineer,0.462,0.898,0.237,0.528,1.0,0.0,0.538,6.8,3.5,3.3,6,7,0.354,moderate
cand_0506,arch_009,AI Engineer,0.462,0.902,0.323,0.507,1.0,0.0,0.538,7.9,3.5,4.4,6,7,0.354,moderate
cand_0507,arch_009,AI Engineer,0.462,0.828,0.324,0.476,1.0,0.0,0.538,6.8,3.5,3.3,6,7,0.354,moderate
cand_0508,arch_009,MLOps Engineer,0.6,0.813,0.241,0.514,1.0,0.0,0.4,6.8,4.5,2.3,9,6,0.281,high
cand_0509,arch_009,MLOps Engineer,0.667,0.854,0.276,0.562,1.0,0.25,0.333,6.6,4.5,2.1,10,5,0.24,high
cand_0510,arch_009,MLOps Engineer,0.6,0.885,0.29,0.486,1.0,0.0,0.4,8.1,4.5,3.6,9,6,0.281,high
cand_0511,arch_009,Data Engineer,0.5,0.688,0.301,0.576,1.0,0.0,0.5,6.8,3.5,3.3,7,7,0.323,moderate
cand_0512,arch_009,Data Engineer,0.5,0.674,0.27,0.514,1.0,0.0,0.5,6.5,3.5,3.0,7,7,0.323,moderate
cand_0513,arch_009,Data Engineer,0.5,0.766,0.244,0.461,1.0,0.0,0.5,6.6,3.5,3.1,7,7,0.323,moderate
cand_0514,arch_009,DevOps Engineer,0.571,0.918,0.243,0.559,1.0,0.0,0.429,6.8,3.5,3.3,8,6,0.281,high
cand_0515,arch_009,DevOps Engineer,0.571,0.87,0.256,0.558,1.0,0.0,0.429,7.4,3.5,3.9,8,6,0.281,high
cand_0516,arch_009,DevOps Engineer,0.571,0.853,0.243,0.569,1.0,0.0,0.429,6.2,3.5,2.7,8,6,0.281,high
cand_0517,arch_009,Cloud Engineer,0.571,0.84,0.234,0.515,1.0,0.0,0.429,6.8,3.0,3.8,8,6,0.281,high
cand_0518,arch_009,Cloud Engineer,0.571,0.847,0.233,0.542,1.0,0.0,0.429,7.3,3.0,4.3,8,6,0.281,high
cand_0519,arch_009,Cloud Engineer,0.5,0.854,0.245,0.534,1.0,0.0,0.5,6.6,3.0,3.6,7,7,0.323,moderate
cand_0520,arch_009,Platform Engineer,0.571,0.878,0.28,0.566,1.0,0.0,0.429,6.8,4.5,2.3,8,6,0.312,high
cand_0521,arch_009,Platform Engineer,0.571,0.824,0.318,0.523,1.0,0.0,0.429,6.5,4.5,2.0,8,6,0.312,moderate
cand_0522,arch_009,Platform Engineer,0.571,0.919,0.308,0.503,1.0,0.0,0.429,8.1,4.5,3.6,8,6,0.312,high
cand_0523,arch_009,Site Reliability Engineer (SRE),0.5,0.858,0.321,0.52,1.0,0.0,0.5,6.8,4.0,2.8,7,7,0.323,moderate
cand_0524,arch_009,Site Reliability Engineer (SRE),0.571,0.804,0.311,0.494,1.0,0.333,0.429,6.7,4.0,2.7,8,6,0.281,high
cand_0525,arch_009,Site Reliability Engineer (SRE),0.5,0.87,0.253,0.479,1.0,0.0,0.5,7.2,4.0,3.2,7,7,0.323,moderate
cand_0526,arch_009,Cybersecurity Analyst,0.364,0.699,0.283,0.555,1.0,0.0,0.636,6.8,2.5,4.3,4,7,0.354,moderate
cand_0527,arch_009,Cybersecurity Analyst,0.364,0.739,0.328,0.507,1.0,0.0,0.636,7.6,2.5,5.1,4,7,0.354,moderate
cand_0528,arch_009,Cybersecurity Analyst,0.364,0.741,0.311,0.544,1.0,0.0,0.636,8.6,2.5,6.1,4,7,0.354,moderate
cand_0529,arch_009,Cloud Security Engineer,0.462,0.673,0.3,0.574,1.0,0.0,0.538,6.8,4.0,2.8,6,7,0.354,moderate
cand_0530,arch_009,Cloud Security Engineer,0.538,0.735,0.248,0.465,1.0,0.0,0.462,7.3,4.0,3.3,7,6,0.312,moderate
cand_0531,arch_009,Cloud Security Engineer,0.462,0.67,0.322,0.484,0.97,0.0,0.538,7.6,4.0,3.6,6,7,0.354,moderate
cand_0532,arch_009,QA Automation Engineer,0.5,0.756,0.662,0.561,1.0,0.0,0.5,6.8,2.5,4.3,6,6,0.312,moderate
cand_0533,arch_009,QA Automation Engineer,0.5,0.78,0.647,0.562,1.0,0.0,0.5,6.4,2.5,3.9,6,6,0.312,moderate
cand_0534,arch_009,QA Automation Engineer,0.5,0.783,0.61,0.472,1.0,0.0,0.5,8.5,2.5,6.0,6,6,0.312,moderate
cand_0535,arch_009,Mobile Developer (React Native / Flutter),0.182,0.686,0.246,0.574,1.0,0.0,0.818,6.8,2.5,4.3,2,9,0.469,low
cand_0536,arch_009,Mobile Developer (React Native / Flutter),0.182,0.691,0.327,0.543,1.0,0.0,0.818,7.9,2.5,5.4,2,9,0.469,low
cand_0537,arch_009,Mobile Developer (React Native / Flutter),0.182,0.768,0.268,0.548,0.984,0.0,0.818,8.0,2.5,5.5,2,9,0.469,low
cand_0538,arch_009,Solutions Architect,0.714,0.691,0.23,0.544,1.0,0.0,0.286,6.8,6.5,0.3,10,4,0.198,high
cand_0539,arch_009,Solutions Architect,0.714,0.738,0.248,0.498,1.0,0.0,0.286,7.8,6.5,1.3,10,4,0.198,high
cand_0540,arch_009,Solutions Architect,0.714,0.682,0.28,0.5,1.0,0.0,0.286,7.6,6.5,1.1,10,4,0.198,high
cand_0541,arch_010,Java Backend Developer,0.538,0.712,0.262,0.856,0.537,0.0,0.462,1.5,3.0,-1.5,7,6,0.281,moderate
cand_0542,arch_010,Java Backend Developer,0.538,0.758,0.264,0.781,0.477,0.0,0.462,2.4,3.0,-0.6,7,6,0.281,moderate
cand_0543,arch_010,Java Backend Developer,0.538,0.764,0.302,0.786,0.495,0.0,0.462,2.5,3.0,-0.5,7,6,0.281,moderate
cand_0544,arch_010,Python Developer,0.417,0.72,0.247,0.83,0.531,0.0,0.583,1.5,2.5,-1.0,5,7,0.385,moderate
cand_0545,arch_010,Python Developer,0.417,0.728,0.316,0.858,0.515,0.0,0.583,1.7,2.5,-0.8,5,7,0.385,moderate
cand_0546,arch_010,Python Developer,0.333,0.674,0.232,0.811,0.397,0.0,0.667,1.1,2.5,-1.4,4,8,0.427,moderate
cand_0547,arch_010,Full Stack Developer,0.286,0.711,0.319,0.479,0.466,0.0,0.714,1.5,3.0,-1.5,4,10,0.542,low
cand_0548,arch_010,Full Stack Developer,0.286,0.711,0.329,0.567,0.516,0.0,0.714,2.6,3.0,-0.4,4,10,0.542,low
cand_0549,arch_010,Full Stack Developer,0.286,0.743,0.273,0.466,0.486,0.0,0.714,1.8,3.0,-1.2,4,10,0.542,low
cand_0550,arch_010,Frontend Developer,0.182,0.787,0.611,0.526,0.534,0.0,0.818,1.5,2.0,-0.5,2,9,0.5,low
cand_0551,arch_010,Frontend Developer,0.182,0.706,0.58,0.507,0.504,0.0,0.818,2.0,2.0,0.0,2,9,0.5,low
cand_0552,arch_010,Frontend Developer,0.182,0.721,0.599,0.539,0.437,0.0,0.818,2.0,2.0,0.0,2,9,0.5,low
cand_0553,arch_010,Backend Developer,0.231,0.694,0.233,0.8,0.483,0.0,0.769,1.5,3.0,-1.5,3,10,0.542,low
cand_0554,arch_010,Backend Developer,0.231,0.707,0.27,0.839,0.513,0.0,0.769,1.2,3.0,-1.8,3,10,0.542,low
cand_0555,arch_010,Backend Developer,0.231,0.692,0.319,0.824,0.496,0.0,0.769,0.9,3.0,-2.1,3,10,0.542,low
cand_0556,arch_010,Data Analyst,0.111,0.702,0.617,0.487,0.481,0.0,0.889,1.5,2.0,-0.5,1,8,0.458,low
cand_0557,arch_010,Data Analyst,0.111,0.75,0.579,0.501,0.503,0.0,0.889,1.2,2.0,-0.8,1,8,0.458,low
cand_0558,arch_010,Data Analyst,0.111,0.736,0.654,0.558,0.493,0.0,0.889,3.2,2.0,1.2,1,8,0.458,low
cand_0559,arch_010,Data Scientist,0.167,0.864,0.317,0.517,0.531,0.0,0.833,1.5,4.0,-2.5,2,10,0.542,low
cand_0560,arch_010,Data Scientist,0.25,0.886,0.28,0.568,0.595,0.333,0.75,1.9,4.0,-2.1,3,9,0.5,low
cand_0561,arch_010,Data Scientist,0.167,0.814,0.306,0.481,0.539,0.0,0.833,2.5,4.0,-1.5,2,10,0.542,low
cand_0562,arch_010,Machine Learning Engineer,0.267,0.917,0.311,0.475,0.494,0.0,0.733,1.5,4.0,-2.5,4,11,0.583,low
cand_0563,arch_010,Machine Learning Engineer,0.267,0.92,0.293,0.56,0.481,0.0,0.733,2.7,4.0,-1.3,4,11,0.583,low
cand_0564,arch_010,Machine Learning Engineer,0.267,0.808,0.269,0.508,0.486,0.0,0.733,3.1,4.0,-0.9,4,11,0.583,low
cand_0565,arch_010,AI Engineer,0.231,0.833,0.276,0.565,0.523,0.0,0.769,1.5,3.5,-2.0,3,10,0.51,low
cand_0566,arch_010,AI Engineer,0.231,0.85,0.271,0.478,0.507,0.0,0.769,2.1,3.5,-1.4,3,10,0.51,low
cand_0567,arch_010,AI Engineer,0.231,0.911,0.286,0.472,0.483,0.0,0.769,2.7,3.5,-0.8,3,10,0.51,low
cand_0568,arch_010,MLOps Engineer,0.267,0.864,0.264,0.509,0.491,0.0,0.733,1.5,4.5,-3.0,4,11,0.583,low
cand_0569,arch_010,MLOps Engineer,0.267,0.804,0.258,0.477,0.509,0.0,0.733,1.9,4.5,-2.6,4,11,0.583,low
cand_0570,arch_010,MLOps Engineer,0.2,0.883,0.235,0.517,0.41,0.0,0.8,2.5,4.5,-2.0,3,12,0.625,low
cand_0571,arch_010,Data Engineer,0.357,0.715,0.264,0.555,0.485,0.0,0.643,1.5,3.5,-2.0,5,9,0.469,low
cand_0572,arch_010,Data Engineer,0.357,0.752,0.327,0.487,0.484,0.0,0.643,2.4,3.5,-1.1,5,9,0.469,low
cand_0573,arch_010,Data Engineer,0.357,0.709,0.303,0.533,0.467,0.0,0.643,2.6,3.5,-0.9,5,9,0.469,low
cand_0574,arch_010,DevOps Engineer,0.214,0.853,0.321,0.509,0.499,0.0,0.786,1.5,3.5,-2.0,3,11,0.583,low
cand_0575,arch_010,DevOps Engineer,0.286,0.862,0.246,0.497,0.572,0.333,0.714,1.9,3.5,-1.6,4,10,0.542,low
cand_0576,arch_010,DevOps Engineer,0.214,0.906,0.233,0.483,0.527,0.0,0.786,1.1,3.5,-2.4,3,11,0.583,low
cand_0577,arch_010,Cloud Engineer,0.286,0.9,0.255,0.515,0.533,0.0,0.714,1.5,3.0,-1.5,4,10,0.51,low
cand_0578,arch_010,Cloud Engineer,0.357,0.861,0.294,0.475,0.534,0.0,0.643,2.2,3.0,-0.8,5,9,0.469,low
cand_0579,arch_010,Cloud Engineer,0.286,0.821,0.317,0.53,0.488,0.0,0.714,1.7,3.0,-1.3,4,10,0.51,low
cand_0580,arch_010,Platform Engineer,0.143,0.82,0.319,0.55,0.515,0.0,0.857,1.5,4.5,-3.0,2,12,0.656,low
cand_0581,arch_010,Platform Engineer,0.214,0.902,0.308,0.486,0.549,0.0,0.786,1.6,4.5,-2.9,3,11,0.615,low
cand_0582,arch_010,Platform Engineer,0.143,0.849,0.232,0.554,0.45,0.0,0.857,1.3,4.5,-3.2,2,12,0.656,low
cand_0583,arch_010,Site Reliability Engineer (SRE),0.143,0.801,0.321,0.538,0.508,0.0,0.857,1.5,4.0,-2.5,2,12,0.656,low
cand_0584,arch_010,Site Reliability Engineer (SRE),0.214,0.886,0.301,0.493,0.603,0.0,0.786,1.1,4.0,-2.9,3,11,0.615,low
cand_0585,arch_010,Site Reliability Engineer (SRE),0.143,0.826,0.26,0.522,0.51,0.0,0.857,2.9,4.0,-1.1,2,12,0.656,low
cand_0586,arch_010,Cybersecurity Analyst,0.273,0.74,0.231,0.58,0.537,0.0,0.727,1.5,2.5,-1.0,3,8,0.396,low
cand_0587,arch_010,Cybersecurity Analyst,0.273,0.741,0.258,0.542,0.499,0.0,0.727,2.4,2.5,-0.1,3,8,0.396,low
cand_0588,arch_010,Cybersecurity Analyst,0.273,0.709,0.258,0.539,0.536,0.0,0.727,1.6,2.5,-0.9,3,8,0.396,low
cand_0589,arch_010,Cloud Security Engineer,0.154,0.748,0.249,0.522,0.479,0.0,0.846,1.5,4.0,-2.5,2,11,0.583,low
cand_0590,arch_010,Cloud Security Engineer,0.154,0.767,0.27,0.498,0.471,0.0,0.846,1.2,4.0,-2.8,2,11,0.583,low
cand_0591,arch_010,Cloud Security Engineer,0.154,0.705,0.321,0.509,0.519,0.0,0.846,0.8,4.0,-3.2,2,11,0.583,low
cand_0592,arch_010,QA Automation Engineer,0.333,0.74,0.669,0.558,0.487,0.0,0.667,1.5,2.5,-1.0,4,8,0.427,low
cand_0593,arch_010,QA Automation Engineer,0.333,0.747,0.618,0.573,0.489,0.0,0.667,2.2,2.5,-0.3,4,8,0.427,moderate
cand_0594,arch_010,QA Automation Engineer,0.333,0.775,0.588,0.472,0.399,0.0,0.667,1.5,2.5,-1.0,4,8,0.427,low
cand_0595,arch_010,Mobile Developer (React Native / Flutter),0.182,0.701,0.311,0.552,0.475,0.0,0.818,1.5,2.5,-1.0,2,9,0.469,low
cand_0596,arch_010,Mobile Developer (React Native / Flutter),0.273,0.697,0.252,0.565,0.565,0.0,0.727,2.2,2.5,-0.3,3,8,0.427,low
cand_0597,arch_010,Mobile Developer (React Native / Flutter),0.182,0.74,0.276,0.474,0.464,0.0,0.818,3.0,2.5,0.5,2,9,0.469,low
cand_0598,arch_010,Solutions Architect,0.286,0.746,0.288,0.534,0.498,0.0,0.714,1.5,6.5,-5.0,4,10,0.542,low
cand_0599,arch_010,Solutions Architect,0.357,0.734,0.271,0.565,0.543,0.333,0.643,1.4,6.5,-5.1,5,9,0.5,low
cand_0600,arch_010,Solutions Architect,0.286,0.788,0.319,0.578,0.471,0.0,0.714,3.3,6.5,-3.2,4,10,0.542,low
cand_0601,arch_011,Java Backend Developer,0.846,0.773,0.248,0.79,0.772,0.333,0.154,4.2,3.0,1.2,11,2,0.083,high
cand_0602,arch_011,Java Backend Developer,0.923,0.671,0.257,0.871,0.831,0.667,0.077,5.4,3.0,2.4,12,1,0.05,high
cand_0603,arch_011,Java Backend Developer,0.846,0.762,0.239,0.854,0.796,0.333,0.154,5.4,3.0,2.4,11,2,0.083,high
cand_0604,arch_011,Python Developer,0.5,0.718,0.327,0.826,0.749,0.0,0.5,4.2,2.5,1.7,6,6,0.344,moderate
cand_0605,arch_011,Python Developer,0.583,0.777,0.306,0.844,0.819,0.333,0.417,4.1,2.5,1.6,7,5,0.302,high
cand_0606,arch_011,Python Developer,0.5,0.697,0.318,0.817,0.754,0.0,0.5,3.4,2.5,0.9,6,6,0.344,moderate
cand_0607,arch_011,Full Stack Developer,0.357,0.73,0.261,0.468,0.749,0.0,0.643,4.2,3.0,1.2,5,9,0.5,moderate
cand_0608,arch_011,Full Stack Developer,0.357,0.732,0.282,0.512,0.801,0.0,0.643,5.3,3.0,2.3,5,9,0.5,moderate
cand_0609,arch_011,Full Stack Developer,0.357,0.729,0.305,0.48,0.818,0.0,0.643,3.7,3.0,0.7,5,9,0.5,moderate
cand_0610,arch_011,Frontend Developer,0.182,0.767,0.572,0.487,0.825,0.0,0.818,4.2,2.0,2.2,2,9,0.5,low
cand_0611,arch_011,Frontend Developer,0.273,0.69,0.607,0.538,0.82,0.5,0.727,4.1,2.0,2.1,3,8,0.458,low
cand_0612,arch_011,Frontend Developer,0.182,0.734,0.575,0.579,0.799,0.0,0.818,5.7,2.0,3.7,2,9,0.5,low
cand_0613,arch_011,Backend Developer,0.462,0.748,0.232,0.863,0.779,0.333,0.538,4.2,3.0,1.2,6,7,0.417,moderate
cand_0614,arch_011,Backend Developer,0.462,0.727,0.245,0.863,0.796,0.333,0.538,4.4,3.0,1.4,6,7,0.417,moderate
cand_0615,arch_011,Backend Developer,0.462,0.749,0.257,0.853,0.757,0.333,0.538,4.2,3.0,1.2,6,7,0.417,moderate
cand_0616,arch_011,Data Analyst,0.111,0.77,0.58,0.546,0.755,0.0,0.889,4.2,2.0,2.2,1,8,0.458,low
cand_0617,arch_011,Data Analyst,0.222,0.743,0.648,0.56,0.895,0.0,0.778,4.0,2.0,2.0,2,7,0.417,low
cand_0618,arch_011,Data Analyst,0.111,0.689,0.625,0.569,0.801,0.0,0.889,4.3,2.0,2.3,1,8,0.458,low
cand_0619,arch_011,Data Scientist,0.25,0.858,0.253,0.462,0.753,0.0,0.75,4.2,4.0,0.2,3,9,0.5,low
cand_0620,arch_011,Data Scientist,0.25,0.859,0.325,0.554,0.752,0.0,0.75,4.0,4.0,0.0,3,9,0.5,low
cand_0621,arch_011,Data Scientist,0.25,0.877,0.276,0.577,0.767,0.0,0.75,5.3,4.0,1.3,3,9,0.5,low
cand_0622,arch_011,Machine Learning Engineer,0.333,0.806,0.311,0.565,0.814,0.0,0.667,4.2,4.0,0.2,5,10,0.51,moderate
cand_0623,arch_011,Machine Learning Engineer,0.333,0.851,0.242,0.562,0.817,0.0,0.667,4.4,4.0,0.4,5,10,0.51,moderate
cand_0624,arch_011,Machine Learning Engineer,0.267,0.82,0.266,0.513,0.724,0.0,0.733,3.4,4.0,-0.6,4,11,0.552,low
cand_0625,arch_011,AI Engineer,0.308,0.905,0.239,0.558,0.76,0.0,0.692,4.2,3.5,0.7,4,9,0.469,moderate
cand_0626,arch_011,AI Engineer,0.308,0.833,0.269,0.562,0.81,0.0,0.692,4.4,3.5,0.9,4,9,0.469,moderate
cand_0627,arch_011,AI Engineer,0.308,0.814,0.3,0.467,0.821,0.0,0.692,5.1,3.5,1.6,4,9,0.469,moderate
cand_0628,arch_011,MLOps Engineer,0.4,0.819,0.272,0.531,0.81,0.0,0.6,4.2,4.5,-0.3,6,9,0.438,moderate
cand_0629,arch_011,MLOps Engineer,0.467,0.893,0.291,0.564,0.888,0.0,0.533,4.9,4.5,0.4,7,8,0.396,moderate
cand_0630,arch_011,MLOps Engineer,0.4,0.858,0.279,0.567,0.781,0.0,0.6,5.3,4.5,0.8,6,9,0.438,moderate
cand_0631,arch_011,Data Engineer,0.429,0.678,0.295,0.461,0.815,0.0,0.571,4.2,3.5,0.7,6,8,0.396,moderate
cand_0632,arch_011,Data Engineer,0.429,0.757,0.252,0.575,0.816,0.0,0.571,4.6,3.5,1.1,6,8,0.396,moderate
cand_0633,arch_011,Data Engineer,0.429,0.744,0.273,0.547,0.784,0.0,0.571,4.7,3.5,1.2,6,8,0.396,moderate
cand_0634,arch_011,DevOps Engineer,0.357,0.88,0.294,0.478,0.812,0.0,0.643,4.2,3.5,0.7,5,9,0.438,moderate
cand_0635,arch_011,DevOps Engineer,0.357,0.801,0.323,0.521,0.783,0.0,0.643,5.2,3.5,1.7,5,9,0.438,moderate
cand_0636,arch_011,DevOps Engineer,0.286,0.838,0.263,0.493,0.715,0.0,0.714,4.7,3.5,1.2,4,10,0.51,moderate
cand_0637,arch_011,Cloud Engineer,0.429,0.866,0.268,0.558,0.752,0.0,0.571,4.2,3.0,1.2,6,8,0.365,moderate
cand_0638,arch_011,Cloud Engineer,0.429,0.811,0.28,0.498,0.824,0.0,0.571,4.5,3.0,1.5,6,8,0.365,moderate
cand_0639,arch_011,Cloud Engineer,0.429,0.849,0.286,0.46,0.682,0.0,0.571,5.3,3.0,2.3,6,8,0.365,moderate
cand_0640,arch_011,Platform Engineer,0.357,0.873,0.292,0.497,0.786,0.0,0.643,4.2,4.5,-0.3,5,9,0.469,moderate
cand_0641,arch_011,Platform Engineer,0.357,0.914,0.266,0.467,0.764,0.0,0.643,4.1,4.5,-0.4,5,9,0.469,moderate
cand_0642,arch_011,Platform Engineer,0.357,0.874,0.277,0.539,0.803,0.0,0.643,4.6,4.5,0.1,5,9,0.469,moderate
cand_0643,arch_011,Site Reliability Engineer (SRE),0.286,0.814,0.306,0.487,0.773,0.0,0.714,4.2,4.0,0.2,4,10,0.51,low
cand_0644,arch_011,Site Reliability Engineer (SRE),0.286,0.835,0.282,0.544,0.749,0.0,0.714,5.1,4.0,1.1,4,10,0.51,moderate
cand_0645,arch_011,Site Reliability Engineer (SRE),0.286,0.813,0.291,0.483,0.749,0.0,0.714,3.8,4.0,-0.2,4,10,0.51,low
cand_0646,arch_011,Cybersecurity Analyst,0.273,0.717,0.276,0.554,0.803,0.0,0.727,4.2,2.5,1.7,3,8,0.396,low
cand_0647,arch_011,Cybersecurity Analyst,0.273,0.781,0.314,0.531,0.807,0.0,0.727,4.0,2.5,1.5,3,8,0.396,low
cand_0648,arch_011,Cybersecurity Analyst,0.273,0.785,0.243,0.52,0.788,0.0,0.727,4.6,2.5,2.1,3,8,0.396,low
cand_0649,arch_011,Cloud Security Engineer,0.308,0.676,0.324,0.561,0.784,0.0,0.692,4.2,4.0,0.2,4,9,0.438,moderate
cand_0650,arch_011,Cloud Security Engineer,0.308,0.691,0.288,0.548,0.756,0.0,0.692,4.6,4.0,0.6,4,9,0.438,moderate
cand_0651,arch_011,Cloud Security Engineer,0.308,0.776,0.28,0.506,0.824,0.0,0.692,4.4,4.0,0.4,4,9,0.438,moderate
cand_0652,arch_011,QA Automation Engineer,0.5,0.78,0.646,0.493,0.823,0.0,0.5,4.2,2.5,1.7,6,6,0.344,moderate
cand_0653,arch_011,QA Automation Engineer,0.5,0.686,0.611,0.544,0.806,0.0,0.5,5.4,2.5,2.9,6,6,0.344,moderate
cand_0654,arch_011,QA Automation Engineer,0.5,0.773,0.641,0.572,0.796,0.0,0.5,4.2,2.5,1.7,6,6,0.344,moderate
cand_0655,arch_011,Mobile Developer (React Native / Flutter),0.182,0.694,0.292,0.495,0.773,0.0,0.818,4.2,2.5,1.7,2,9,0.469,low
cand_0656,arch_011,Mobile Developer (React Native / Flutter),0.182,0.748,0.326,0.52,0.801,0.0,0.818,4.9,2.5,2.4,2,9,0.469,low
cand_0657,arch_011,Mobile Developer (React Native / Flutter),0.182,0.737,0.288,0.573,0.731,0.0,0.818,4.2,2.5,1.7,2,9,0.469,low
cand_0658,arch_011,Solutions Architect,0.429,0.751,0.319,0.524,0.816,0.0,0.571,4.2,6.5,-2.3,6,8,0.427,low
cand_0659,arch_011,Solutions Architect,0.5,0.673,0.245,0.54,0.833,0.333,0.5,4.5,6.5,-2.0,7,7,0.385,moderate
cand_0660,arch_011,Solutions Architect,0.429,0.752,0.245,0.467,0.737,0.0,0.571,5.4,6.5,-1.1,6,8,0.427,moderate
cand_0661,arch_012,Java Backend Developer,1.0,0.694,0.284,0.823,0.996,1.0,0.0,8.0,3.0,5.0,13,0,0.05,high
cand_0662,arch_012,Java Backend Developer,1.0,0.737,0.252,0.858,0.991,1.0,0.0,8.6,3.0,5.6,13,0,0.05,high
cand_0663,arch_012,Java Backend Developer,1.0,0.754,0.299,0.786,0.991,1.0,0.0,8.5,3.0,5.5,13,0,0.05,high
cand_0664,arch_012,Python Developer,0.583,0.72,0.309,0.862,1.0,0.333,0.417,8.0,2.5,5.5,7,5,0.302,high
cand_0665,arch_012,Python Developer,0.583,0.694,0.317,0.883,0.995,0.333,0.417,7.7,2.5,5.2,7,5,0.302,high
cand_0666,arch_012,Python Developer,0.583,0.755,0.267,0.851,1.0,0.333,0.417,7.8,2.5,5.3,7,5,0.302,high
cand_0667,arch_012,Full Stack Developer,0.357,0.694,0.302,0.483,0.996,0.0,0.643,8.0,3.0,5.0,5,9,0.5,moderate
cand_0668,arch_012,Full Stack Developer,0.429,0.758,0.242,0.465,1.0,0.333,0.571,9.2,3.0,6.2,6,8,0.458,moderate
cand_0669,arch_012,Full Stack Developer,0.357,0.701,0.263,0.545,0.901,0.0,0.643,7.9,3.0,4.9,5,9,0.5,moderate
cand_0670,arch_012,Frontend Developer,0.182,0.688,0.602,0.466,1.0,0.0,0.818,8.0,2.0,6.0,2,9,0.5,low
cand_0671,arch_012,Frontend Developer,0.182,0.729,0.627,0.503,1.0,0.0,0.818,8.6,2.0,6.6,2,9,0.5,low
cand_0672,arch_012,Frontend Developer,0.091,0.732,0.649,0.479,0.932,0.0,0.909,8.0,2.0,6.0,1,10,0.573,low
cand_0673,arch_012,Backend Developer,0.692,0.718,0.265,0.886,1.0,1.0,0.308,8.0,3.0,5.0,9,4,0.26,high
cand_0674,arch_012,Backend Developer,0.692,0.744,0.277,0.847,1.0,1.0,0.308,8.1,3.0,5.1,9,4,0.26,high
cand_0675,arch_012,Backend Developer,0.692,0.723,0.32,0.854,0.938,1.0,0.308,8.9,3.0,5.9,9,4,0.26,high
cand_0676,arch_012,Data Analyst,0.111,0.785,0.638,0.499,1.0,0.0,0.889,8.0,2.0,6.0,1,8,0.458,low
cand_0677,arch_012,Data Analyst,0.222,0.673,0.622,0.552,1.0,0.0,0.778,9.1,2.0,7.1,2,7,0.417,low
cand_0678,arch_012,Data Analyst,0.111,0.706,0.635,0.498,0.967,0.0,0.889,8.5,2.0,6.5,1,8,0.458,low
cand_0679,arch_012,Data Scientist,0.25,0.812,0.327,0.553,1.0,0.0,0.75,8.0,4.0,4.0,3,9,0.5,low
cand_0680,arch_012,Data Scientist,0.333,0.893,0.316,0.511,1.0,0.333,0.667,8.6,4.0,4.6,4,8,0.458,moderate
cand_0681,arch_012,Data Scientist,0.25,0.917,0.308,0.538,1.0,0.0,0.75,8.6,4.0,4.6,3,9,0.5,low
cand_0682,arch_012,Machine Learning Engineer,0.4,0.89,0.245,0.515,0.987,0.0,0.6,8.0,4.0,4.0,6,9,0.469,moderate
cand_0683,arch_012,Machine Learning Engineer,0.467,0.867,0.287,0.487,1.0,0.0,0.533,7.7,4.0,3.7,7,8,0.427,moderate
cand_0684,arch_012,Machine Learning Engineer,0.4,0.852,0.232,0.541,1.0,0.0,0.6,8.2,4.0,4.2,6,9,0.469,moderate
cand_0685,arch_012,AI Engineer,0.308,0.877,0.292,0.551,1.0,0.0,0.692,8.0,3.5,4.5,4,9,0.469,moderate
cand_0686,arch_012,AI Engineer,0.385,0.835,0.299,0.533,1.0,0.0,0.615,8.7,3.5,5.2,5,8,0.427,moderate
cand_0687,arch_012,AI Engineer,0.308,0.899,0.233,0.479,0.978,0.0,0.692,9.6,3.5,6.1,4,9,0.469,moderate
cand_0688,arch_012,MLOps Engineer,0.6,0.89,0.31,0.562,0.984,0.0,0.4,8.0,4.5,3.5,9,6,0.281,high
cand_0689,arch_012,MLOps Engineer,0.667,0.915,0.231,0.565,1.0,0.25,0.333,8.6,4.5,4.1,10,5,0.24,high
cand_0690,arch_012,MLOps Engineer,0.6,0.847,0.285,0.47,0.977,0.0,0.4,7.3,4.5,2.8,9,6,0.281,high
cand_0691,arch_012,Data Engineer,0.429,0.759,0.303,0.485,1.0,0.0,0.571,8.0,3.5,4.5,6,8,0.396,moderate
cand_0692,arch_012,Data Engineer,0.429,0.696,0.313,0.483,0.975,0.0,0.571,9.0,3.5,5.5,6,8,0.396,moderate
cand_0693,arch_012,Data Engineer,0.429,0.772,0.323,0.579,0.997,0.0,0.571,9.3,3.5,5.8,6,8,0.396,moderate
cand_0694,arch_012,DevOps Engineer,0.571,0.866,0.259,0.468,0.968,0.0,0.429,8.0,3.5,4.5,8,6,0.25,high
cand_0695,arch_012,DevOps Engineer,0.571,0.84,0.243,0.539,0.968,0.0,0.429,8.8,3.5,5.3,8,6,0.25,high
cand_0696,arch_012,DevOps Engineer,0.571,0.838,0.275,0.534,0.984,0.0,0.429,8.8,3.5,5.3,8,6,0.25,high
cand_0697,arch_012,Cloud Engineer,0.571,0.87,0.287,0.504,0.985,0.0,0.429,8.0,3.0,5.0,8,6,0.25,high
cand_0698,arch_012,Cloud Engineer,0.571,0.894,0.301,0.537,0.982,0.0,0.429,8.3,3.0,5.3,8,6,0.25,high
cand_0699,arch_012,Cloud Engineer,0.571,0.84,0.278,0.513,1.0,0.0,0.429,8.1,3.0,5.1,8,6,0.25,high
cand_0700,arch_012,Platform Engineer,0.571,0.858,0.241,0.537,0.967,0.0,0.429,8.0,4.5,3.5,8,6,0.281,high
cand_0701,arch_012,Platform Engineer,0.571,0.907,0.25,0.548,1.0,0.0,0.429,8.0,4.5,3.5,8,6,0.281,high
cand_0702,arch_012,Platform Engineer,0.571,0.902,0.293,0.558,1.0,0.0,0.429,9.1,4.5,4.6,8,6,0.281,high
cand_0703,arch_012,Site Reliability Engineer (SRE),0.5,0.892,0.251,0.464,0.981,0.0,0.5,8.0,4.0,4.0,7,7,0.323,moderate
cand_0704,arch_012,Site Reliability Engineer (SRE),0.5,0.878,0.245,0.507,1.0,0.0,0.5,9.0,4.0,5.0,7,7,0.323,moderate
cand_0705,arch_012,Site Reliability Engineer (SRE),0.5,0.816,0.28,0.471,0.989,0.0,0.5,8.7,4.0,4.7,7,7,0.323,moderate
cand_0706,arch_012,Cybersecurity Analyst,0.273,0.671,0.254,0.576,1.0,0.0,0.727,8.0,2.5,5.5,3,8,0.396,low
cand_0707,arch_012,Cybersecurity Analyst,0.273,0.687,0.246,0.528,1.0,0.0,0.727,8.7,2.5,6.2,3,8,0.396,low
cand_0708,arch_012,Cybersecurity Analyst,0.182,0.728,0.266,0.486,0.928,0.0,0.818,9.5,2.5,7.0,2,9,0.438,low
cand_0709,arch_012,Cloud Security Engineer,0.462,0.678,0.267,0.465,0.977,0.0,0.538,8.0,4.0,4.0,6,7,0.323,moderate
cand_0710,arch_012,Cloud Security Engineer,0.538,0.78,0.318,0.465,1.0,0.0,0.462,9.1,4.0,5.1,7,6,0.281,moderate
cand_0711,arch_012,Cloud Security Engineer,0.462,0.746,0.257,0.549,1.0,0.0,0.538,7.5,4.0,3.5,6,7,0.323,moderate
cand_0712,arch_012,QA Automation Engineer,0.5,0.738,0.608,0.505,1.0,0.0,0.5,8.0,2.5,5.5,6,6,0.344,moderate
cand_0713,arch_012,QA Automation Engineer,0.5,0.715,0.661,0.522,0.988,0.0,0.5,9.0,2.5,6.5,6,6,0.344,moderate
cand_0714,arch_012,QA Automation Engineer,0.5,0.728,0.63,0.52,0.971,0.0,0.5,9.5,2.5,7.0,6,6,0.344,moderate
cand_0715,arch_012,Mobile Developer (React Native / Flutter),0.182,0.69,0.238,0.537,0.977,0.0,0.818,8.0,2.5,5.5,2,9,0.469,low
cand_0716,arch_012,Mobile Developer (React Native / Flutter),0.273,0.768,0.296,0.51,1.0,0.333,0.727,7.9,2.5,5.4,3,8,0.427,low
cand_0717,arch_012,Mobile Developer (React Native / Flutter),0.182,0.727,0.289,0.538,0.993,0.0,0.818,7.5,2.5,5.0,2,9,0.469,low
cand_0718,arch_012,Solutions Architect,0.643,0.699,0.243,0.531,0.971,0.0,0.357,8.0,6.5,1.5,9,5,0.24,high
cand_0719,arch_012,Solutions Architect,0.643,0.688,0.247,0.571,1.0,0.0,0.357,8.4,6.5,1.9,9,5,0.24,high
cand_0720,arch_012,Solutions Architect,0.643,0.747,0.318,0.547,1.0,0.0,0.357,8.3,6.5,1.8,9,5,0.24,high
cand_0721,arch_013,Java Backend Developer,0.077,0.784,0.252,0.533,0.355,0.0,0.923,1.0,3.0,-2.0,1,12,0.625,low
cand_0722,arch_013,Java Backend Developer,0.154,0.742,0.309,0.558,0.403,0.0,0.846,1.4,3.0,-1.6,2,11,0.583,low
cand_0723,arch_013,Java Backend Developer,0.077,0.757,0.264,0.514,0.364,0.0,0.923,1.9,3.0,-1.1,1,12,0.625,low
cand_0724,arch_013,Python Developer,0.083,0.698,0.269,0.473,0.333,0.0,0.917,1.0,2.5,-1.5,1,11,0.583,low
cand_0725,arch_013,Python Developer,0.083,0.72,0.245,0.472,0.355,0.0,0.917,2.0,2.5,-0.5,1,11,0.583,low
cand_0726,arch_013,Python Developer,0.083,0.73,0.242,0.518,0.256,0.0,0.917,1.8,2.5,-0.7,1,11,0.583,low
cand_0727,arch_013,Full Stack Developer,0.071,0.742,0.313,0.568,0.379,0.0,0.929,1.0,3.0,-2.0,1,13,0.698,low
cand_0728,arch_013,Full Stack Developer,0.071,0.714,0.234,0.524,0.336,0.0,0.929,1.6,3.0,-1.4,1,13,0.698,low
cand_0729,arch_013,Full Stack Developer,0.071,0.716,0.289,0.549,0.378,0.0,0.929,2.3,3.0,-0.7,1,13,0.698,low
cand_0730,arch_013,Frontend Developer,0.0,0.754,0.58,0.476,0.355,0.0,1.0,1.0,2.0,-1.0,0,11,0.615,low
cand_0731,arch_013,Frontend Developer,0.0,0.704,0.658,0.509,0.332,0.0,1.0,1.0,2.0,-1.0,0,11,0.615,low
cand_0732,arch_013,Frontend Developer,0.0,0.739,0.582,0.461,0.37,0.0,1.0,2.0,2.0,0.0,0,11,0.615,low
cand_0733,arch_013,Backend Developer,0.077,0.753,0.262,0.503,0.33,0.0,0.923,1.0,3.0,-2.0,1,12,0.656,low
cand_0734,arch_013,Backend Developer,0.154,0.734,0.286,0.533,0.468,0.333,0.846,1.6,3.0,-1.4,2,11,0.615,low
cand_0735,arch_013,Backend Developer,0.077,0.764,0.278,0.504,0.29,0.0,0.923,1.2,3.0,-1.8,1,12,0.656,low
cand_0736,arch_013,Data Analyst,0.444,0.7,0.601,0.821,0.374,0.0,0.556,1.0,2.0,-1.0,4,5,0.24,moderate
cand_0737,arch_013,Data Analyst,0.444,0.749,0.645,0.834,0.373,0.0,0.556,1.8,2.0,-0.2,4,5,0.24,moderate
cand_0738,arch_013,Data Analyst,0.333,0.764,0.65,0.854,0.3,0.0,0.667,0.6,2.0,-1.4,3,6,0.312,moderate
cand_0739,arch_013,Data Scientist,0.167,0.806,0.269,0.856,0.381,0.0,0.833,1.0,4.0,-3.0,2,10,0.51,low
cand_0740,arch_013,Data Scientist,0.167,0.872,0.239,0.812,0.347,0.0,0.833,1.9,4.0,-2.1,2,10,0.51,low
cand_0741,arch_013,Data Scientist,0.167,0.912,0.27,0.859,0.34,0.0,0.833,1.8,4.0,-2.2,2,10,0.51,low
cand_0742,arch_013,Machine Learning Engineer,0.067,0.916,0.236,0.553,0.331,0.0,0.933,1.0,4.0,-3.0,1,14,0.74,low
cand_0743,arch_013,Machine Learning Engineer,0.133,0.834,0.233,0.532,0.43,0.0,0.867,1.4,4.0,-2.6,2,13,0.698,low
cand_0744,arch_013,Machine Learning Engineer,0.067,0.843,0.296,0.577,0.253,0.0,0.933,0.8,4.0,-3.2,1,14,0.74,low
cand_0745,arch_013,AI Engineer,0.077,0.833,0.27,0.54,0.35,0.0,0.923,1.0,3.5,-2.5,1,12,0.625,low
cand_0746,arch_013,AI Engineer,0.154,0.91,0.285,0.547,0.433,0.0,0.846,0.9,3.5,-2.6,2,11,0.583,low
cand_0747,arch_013,AI Engineer,0.077,0.898,0.253,0.576,0.354,0.0,0.923,1.7,3.5,-1.8,1,12,0.625,low
cand_0748,arch_013,MLOps Engineer,0.067,0.848,0.23,0.481,0.358,0.0,0.933,1.0,4.5,-3.5,1,14,0.771,low
cand_0749,arch_013,MLOps Engineer,0.067,0.841,0.242,0.522,0.338,0.0,0.933,1.5,4.5,-3.0,1,14,0.771,low
cand_0750,arch_013,MLOps Engineer,0.067,0.83,0.274,0.505,0.356,0.0,0.933,1.6,4.5,-2.9,1,14,0.771,low
cand_0751,arch_013,Data Engineer,0.071,0.699,0.264,0.873,0.372,0.0,0.929,1.0,3.5,-2.5,1,13,0.698,low
cand_0752,arch_013,Data Engineer,0.071,0.728,0.256,0.826,0.38,0.0,0.929,2.0,3.5,-1.5,1,13,0.698,low
cand_0753,arch_013,Data Engineer,0.071,0.766,0.271,0.822,0.36,0.0,0.929,0.8,3.5,-2.7,1,13,0.698,low
cand_0754,arch_013,DevOps Engineer,0.0,0.884,0.256,0.494,0.349,0.0,1.0,1.0,3.5,-2.5,0,14,0.771,low
cand_0755,arch_013,DevOps Engineer,0.071,0.857,0.265,0.567,0.41,0.0,0.929,1.8,3.5,-1.7,1,13,0.729,low
cand_0756,arch_013,DevOps Engineer,0.0,0.909,0.28,0.484,0.376,0.0,1.0,2.7,3.5,-0.8,0,14,0.771,low
cand_0757,arch_013,Cloud Engineer,0.071,0.905,0.251,0.484,0.337,0.0,0.929,1.0,3.0,-2.0,1,13,0.729,low
cand_0758,arch_013,Cloud Engineer,0.143,0.814,0.238,0.575,0.428,0.333,0.857,1.6,3.0,-1.4,2,12,0.688,low
cand_0759,arch_013,Cloud Engineer,0.071,0.915,0.315,0.505,0.342,0.0,0.929,0.2,3.0,-2.8,1,13,0.729,low
cand_0760,arch_013,Platform Engineer,0.0,0.908,0.318,0.529,0.339,0.0,1.0,1.0,4.5,-3.5,0,14,0.771,low
cand_0761,arch_013,Platform Engineer,0.0,0.861,0.27,0.55,0.327,0.0,1.0,0.9,4.5,-3.6,0,14,0.771,low
cand_0762,arch_013,Platform Engineer,0.0,0.913,0.233,0.502,0.386,0.0,1.0,1.6,4.5,-2.9,0,14,0.771,low
cand_0763,arch_013,Site Reliability Engineer (SRE),0.0,0.893,0.276,0.474,0.359,0.0,1.0,1.0,4.0,-3.0,0,14,0.771,low
cand_0764,arch_013,Site Reliability Engineer (SRE),0.071,0.846,0.24,0.503,0.458,0.333,0.929,1.1,4.0,-2.9,1,13,0.729,low
cand_0765,arch_013,Site Reliability Engineer (SRE),0.0,0.832,0.326,0.501,0.332,0.0,1.0,0.7,4.0,-3.3,0,14,0.771,low
cand_0766,arch_013,Cybersecurity Analyst,0.182,0.721,0.272,0.55,0.346,0.0,0.818,1.0,2.5,-1.5,2,9,0.438,low
cand_0767,arch_013,Cybersecurity Analyst,0.182,0.739,0.328,0.542,0.382,0.0,0.818,1.2,2.5,-1.3,2,9,0.438,low
cand_0768,arch_013,Cybersecurity Analyst,0.182,0.737,0.316,0.484,0.381,0.0,0.818,2.1,2.5,-0.4,2,9,0.438,low
cand_0769,arch_013,Cloud Security Engineer,0.0,0.759,0.277,0.461,0.351,0.0,1.0,1.0,4.0,-3.0,0,13,0.698,low
cand_0770,arch_013,Cloud Security Engineer,0.0,0.746,0.283,0.498,0.356,0.0,1.0,0.8,4.0,-3.2,0,13,0.698,low
cand_0771,arch_013,Cloud Security Engineer,0.0,0.676,0.24,0.48,0.334,0.0,1.0,0.9,4.0,-3.1,0,13,0.698,low
cand_0772,arch_013,QA Automation Engineer,0.083,0.701,0.654,0.472,0.377,0.0,0.917,1.0,2.5,-1.5,1,11,0.615,low
cand_0773,arch_013,QA Automation Engineer,0.167,0.782,0.596,0.462,0.398,0.0,0.833,1.0,2.5,-1.5,2,10,0.573,low
cand_0774,arch_013,QA Automation Engineer,0.083,0.694,0.628,0.538,0.331,0.0,0.917,2.5,2.5,0.0,1,11,0.615,low
cand_0775,arch_013,Mobile Developer (React Native / Flutter),0.0,0.764,0.266,0.541,0.356,0.0,1.0,1.0,2.5,-1.5,0,11,0.615,low
cand_0776,arch_013,Mobile Developer (React Native / Flutter),0.0,0.716,0.259,0.536,0.329,0.0,1.0,1.8,2.5,-0.7,0,11,0.615,low
cand_0777,arch_013,Mobile Developer (React Native / Flutter),0.0,0.71,0.293,0.529,0.385,0.0,1.0,0.6,2.5,-1.9,0,11,0.615,low
cand_0778,arch_013,Solutions Architect,0.071,0.679,0.246,0.487,0.342,0.0,0.929,1.0,6.5,-5.5,1,13,0.698,low
cand_0779,arch_013,Solutions Architect,0.143,0.703,0.274,0.564,0.418,0.333,0.857,1.1,6.5,-5.4,2,12,0.656,low
cand_0780,arch_013,Solutions Architect,0.071,0.72,0.248,0.463,0.375,0.0,0.929,1.7,6.5,-4.8,1,13,0.698,low
cand_0781,arch_014,Java Backend Developer,0.077,0.749,0.324,0.544,0.538,0.0,0.923,3.2,3.0,0.2,1,12,0.625,low
cand_0782,arch_014,Java Backend Developer,0.154,0.782,0.277,0.466,0.665,0.333,0.846,3.1,3.0,0.1,2,11,0.583,low
cand_0783,arch_014,Java Backend Developer,0.077,0.682,0.292,0.47,0.606,0.0,0.923,3.8,3.0,0.8,1,12,0.625,low
cand_0784,arch_014,Python Developer,0.167,0.717,0.253,0.549,0.567,0.0,0.833,3.2,2.5,0.7,2,10,0.51,low
cand_0785,arch_014,Python Developer,0.167,0.69,0.234,0.503,0.605,0.0,0.833,3.0,2.5,0.5,2,10,0.51,low
cand_0786,arch_014,Python Developer,0.167,0.775,0.323,0.526,0.542,0.0,0.833,4.6,2.5,2.1,2,10,0.51,low
cand_0787,arch_014,Full Stack Developer,0.071,0.784,0.284,0.531,0.568,0.0,0.929,3.2,3.0,0.2,1,13,0.698,low
cand_0788,arch_014,Full Stack Developer,0.071,0.722,0.294,0.524,0.604,0.0,0.929,4.0,3.0,1.0,1,13,0.698,low
cand_0789,arch_014,Full Stack Developer,0.071,0.723,0.267,0.491,0.484,0.0,0.929,3.7,3.0,0.7,1,13,0.698,low
cand_0790,arch_014,Frontend Developer,0.0,0.67,0.652,0.562,0.559,0.0,1.0,3.2,2.0,1.2,0,11,0.615,low
cand_0791,arch_014,Frontend Developer,0.091,0.784,0.618,0.461,0.637,0.0,0.909,3.6,2.0,1.6,1,10,0.573,low
cand_0792,arch_014,Frontend Developer,0.0,0.736,0.589,0.566,0.495,0.0,1.0,3.2,2.0,1.2,0,11,0.615,low
cand_0793,arch_014,Backend Developer,0.154,0.7,0.301,0.538,0.598,0.0,0.846,3.2,3.0,0.2,2,11,0.583,low
cand_0794,arch_014,Backend Developer,0.231,0.699,0.306,0.569,0.667,0.0,0.769,3.2,3.0,0.2,3,10,0.542,low
cand_0795,arch_014,Backend Developer,0.154,0.759,0.311,0.51,0.6,0.0,0.846,4.2,3.0,1.2,2,11,0.583,low
cand_0796,arch_014,Data Analyst,0.889,0.692,0.599,0.856,0.581,0.5,0.111,3.2,2.0,1.2,8,1,0.05,high
cand_0797,arch_014,Data Analyst,0.889,0.693,0.572,0.786,0.574,0.5,0.111,3.2,2.0,1.2,8,1,0.05,high
cand_0798,arch_014,Data Analyst,0.778,0.685,0.614,0.781,0.467,0.0,0.222,2.9,2.0,0.9,7,2,0.083,high
cand_0799,arch_014,Data Scientist,0.25,0.802,0.252,0.83,0.594,0.0,0.75,3.2,4.0,-0.8,3,9,0.438,low
cand_0800,arch_014,Data Scientist,0.333,0.895,0.263,0.881,0.679,0.333,0.667,3.6,4.0,-0.4,4,8,0.396,moderate
cand_0801,arch_014,Data Scientist,0.25,0.809,0.277,0.803,0.599,0.0,0.75,2.5,4.0,-1.5,3,9,0.438,low
cand_0802,arch_014,Machine Learning Engineer,0.133,0.898,0.313,0.475,0.593,0.0,0.867,3.2,4.0,-0.8,2,13,0.667,low
cand_0803,arch_014,Machine Learning Engineer,0.133,0.853,0.304,0.464,0.568,0.0,0.867,3.2,4.0,-0.8,2,13,0.667,low
cand_0804,arch_014,Machine Learning Engineer,0.133,0.918,0.277,0.542,0.556,0.0,0.867,4.4,4.0,0.4,2,13,0.667,low
cand_0805,arch_014,AI Engineer,0.154,0.839,0.293,0.465,0.606,0.0,0.846,3.2,3.5,-0.3,2,11,0.552,low
cand_0806,arch_014,AI Engineer,0.231,0.824,0.319,0.564,0.62,0.0,0.769,3.6,3.5,0.1,3,10,0.51,low
cand_0807,arch_014,AI Engineer,0.154,0.839,0.247,0.493,0.541,0.0,0.846,2.7,3.5,-0.8,2,11,0.552,low
cand_0808,arch_014,MLOps Engineer,0.133,0.895,0.231,0.465,0.594,0.0,0.867,3.2,4.5,-1.3,2,13,0.698,low
cand_0809,arch_014,MLOps Engineer,0.133,0.845,0.239,0.479,0.539,0.0,0.867,3.6,4.5,-0.9,2,13,0.698,low
cand_0810,arch_014,MLOps Engineer,0.133,0.92,0.293,0.467,0.583,0.0,0.867,4.0,4.5,-0.5,2,13,0.698,low
cand_0811,arch_014,Data Engineer,0.143,0.754,0.309,0.795,0.55,0.0,0.857,3.2,3.5,-0.3,2,12,0.625,low
cand_0812,arch_014,Data Engineer,0.143,0.761,0.311,0.833,0.547,0.0,0.857,4.4,3.5,0.9,2,12,0.625,low
cand_0813,arch_014,Data Engineer,0.143,0.686,0.32,0.838,0.566,0.0,0.857,4.2,3.5,0.7,2,12,0.625,low
cand_0814,arch_014,DevOps Engineer,0.071,0.835,0.3,0.483,0.546,0.0,0.929,3.2,3.5,-0.3,1,13,0.729,low
cand_0815,arch_014,DevOps Engineer,0.071,0.833,0.313,0.57,0.576,0.0,0.929,3.4,3.5,-0.1,1,13,0.729,low
cand_0816,arch_014,DevOps Engineer,0.071,0.898,0.284,0.514,0.522,0.0,0.929,2.6,3.5,-0.9,1,13,0.729,low
cand_0817,arch_014,Cloud Engineer,0.143,0.861,0.303,0.566,0.581,0.0,0.857,3.2,3.0,0.2,2,12,0.688,low
cand_0818,arch_014,Cloud Engineer,0.143,0.838,0.236,0.576,0.597,0.0,0.857,3.4,3.0,0.4,2,12,0.688,low
cand_0819,arch_014,Cloud Engineer,0.143,0.892,0.245,0.494,0.564,0.0,0.857,2.9,3.0,-0.1,2,12,0.688,low
cand_0820,arch_014,Platform Engineer,0.071,0.839,0.24,0.539,0.535,0.0,0.929,3.2,4.5,-1.3,1,13,0.729,low
cand_0821,arch_014,Platform Engineer,0.143,0.824,0.279,0.472,0.649,0.333,0.857,4.3,4.5,-0.2,2,12,0.688,low
cand_0822,arch_014,Platform Engineer,0.071,0.863,0.3,0.491,0.561,0.0,0.929,4.6,4.5,0.1,1,13,0.729,low
cand_0823,arch_014,Site Reliability Engineer (SRE),0.071,0.873,0.237,0.572,0.548,0.0,0.929,3.2,4.0,-0.8,1,13,0.698,low
cand_0824,arch_014,Site Reliability Engineer (SRE),0.071,0.81,0.31,0.467,0.576,0.0,0.929,3.6,4.0,-0.4,1,13,0.698,low
cand_0825,arch_014,Site Reliability Engineer (SRE),0.071,0.844,0.301,0.559,0.553,0.0,0.929,4.8,4.0,0.8,1,13,0.698,low
cand_0826,arch_014,Cybersecurity Analyst,0.273,0.675,0.237,0.496,0.607,0.0,0.727,3.2,2.5,0.7,3,8,0.396,low
cand_0827,arch_014,Cybersecurity Analyst,0.364,0.698,0.269,0.483,0.655,0.0,0.636,4.3,2.5,1.8,4,7,0.354,moderate
cand_0828,arch_014,Cybersecurity Analyst,0.273,0.737,0.286,0.55,0.593,0.0,0.727,3.9,2.5,1.4,3,8,0.396,low
cand_0829,arch_014,Cloud Security Engineer,0.077,0.739,0.297,0.544,0.566,0.0,0.923,3.2,4.0,-0.8,1,12,0.656,low
cand_0830,arch_014,Cloud Security Engineer,0.077,0.736,0.28,0.539,0.574,0.0,0.923,3.0,4.0,-1.0,1,12,0.656,low
cand_0831,arch_014,Cloud Security Engineer,0.077,0.778,0.285,0.58,0.599,0.0,0.923,4.0,4.0,0.0,1,12,0.656,low
cand_0832,arch_014,QA Automation Engineer,0.167,0.719,0.633,0.559,0.557,0.0,0.833,3.2,2.5,0.7,2,10,0.542,low
cand_0833,arch_014,QA Automation Engineer,0.167,0.715,0.625,0.549,0.56,0.0,0.833,3.2,2.5,0.7,2,10,0.542,low
cand_0834,arch_014,QA Automation Engineer,0.167,0.67,0.573,0.494,0.533,0.0,0.833,3.6,2.5,1.1,2,10,0.542,low
cand_0835,arch_014,Mobile Developer (React Native / Flutter),0.0,0.686,0.319,0.461,0.61,0.0,1.0,3.2,2.5,0.7,0,11,0.615,low
cand_0836,arch_014,Mobile Developer (React Native / Flutter),0.091,0.769,0.322,0.521,0.649,0.333,0.909,3.1,2.5,0.6,1,10,0.573,low
cand_0837,arch_014,Mobile Developer (React Native / Flutter),0.0,0.713,0.244,0.504,0.507,0.0,1.0,3.9,2.5,1.4,0,11,0.615,low
cand_0838,arch_014,Solutions Architect,0.214,0.698,0.311,0.471,0.563,0.0,0.786,3.2,6.5,-3.3,3,11,0.583,low
cand_0839,arch_014,Solutions Architect,0.214,0.757,0.309,0.481,0.597,0.0,0.786,4.3,6.5,-2.2,3,11,0.583,low
cand_0840,arch_014,Solutions Architect,0.214,0.779,0.29,0.496,0.59,0.0,0.786,4.2,6.5,-2.3,3,11,0.583,low
cand_0841,arch_015,Java Backend Developer,0.077,0.739,0.238,0.467,0.736,0.0,0.923,6.5,3.0,3.5,1,12,0.625,low
cand_0842,arch_015,Java Backend Developer,0.077,0.72,0.317,0.564,0.692,0.0,0.923,6.7,3.0,3.7,1,12,0.625,low
cand_0843,arch_015,Java Backend Developer,0.077,0.671,0.308,0.506,0.699,0.0,0.923,7.4,3.0,4.4,1,12,0.625,low
cand_0844,arch_015,Python Developer,0.167,0.675,0.284,0.478,0.714,0.0,0.833,6.5,2.5,4.0,2,10,0.51,low
cand_0845,arch_015,Python Developer,0.25,0.79,0.327,0.55,0.792,0.333,0.75,6.5,2.5,4.0,3,9,0.469,low
cand_0846,arch_015,Python Developer,0.167,0.764,0.245,0.5,0.712,0.0,0.833,5.9,2.5,3.4,2,10,0.51,low
cand_0847,arch_015,Full Stack Developer,0.071,0.759,0.285,0.492,0.706,0.0,0.929,6.5,3.0,3.5,1,13,0.698,low
cand_0848,arch_015,Full Stack Developer,0.071,0.761,0.278,0.484,0.706,0.0,0.929,6.8,3.0,3.8,1,13,0.698,low
cand_0849,arch_015,Full Stack Developer,0.071,0.79,0.282,0.489,0.696,0.0,0.929,7.2,3.0,4.2,1,13,0.698,low
cand_0850,arch_015,Frontend Developer,0.0,0.722,0.638,0.529,0.683,0.0,1.0,6.5,2.0,4.5,0,11,0.615,low
cand_0851,arch_015,Frontend Developer,0.091,0.708,0.629,0.463,0.77,0.0,0.909,6.8,2.0,4.8,1,10,0.573,low
cand_0852,arch_015,Frontend Developer,0.0,0.789,0.614,0.477,0.678,0.0,1.0,8.3,2.0,6.3,0,11,0.615,low
cand_0853,arch_015,Backend Developer,0.231,0.768,0.25,0.505,0.735,0.0,0.769,6.5,3.0,3.5,3,10,0.51,low
cand_0854,arch_015,Backend Developer,0.308,0.699,0.292,0.478,0.812,0.333,0.692,7.5,3.0,4.5,4,9,0.469,moderate
cand_0855,arch_015,Backend Developer,0.231,0.767,0.261,0.517,0.701,0.0,0.769,6.4,3.0,3.4,3,10,0.51,low
cand_0856,arch_015,Data Analyst,0.889,0.759,0.591,0.846,0.734,0.5,0.111,6.5,2.0,4.5,8,1,0.05,high
cand_0857,arch_015,Data Analyst,0.889,0.789,0.64,0.86,0.704,0.5,0.111,7.0,2.0,5.0,8,1,0.05,high
cand_0858,arch_015,Data Analyst,0.889,0.701,0.576,0.804,0.73,0.5,0.111,8.1,2.0,6.1,8,1,0.05,high
cand_0859,arch_015,Data Scientist,0.25,0.833,0.276,0.893,0.68,0.0,0.75,6.5,4.0,2.5,3,9,0.438,low
cand_0860,arch_015,Data Scientist,0.25,0.91,0.266,0.793,0.698,0.0,0.75,7.2,4.0,3.2,3,9,0.438,low
cand_0861,arch_015,Data Scientist,0.25,0.918,0.281,0.865,0.747,0.0,0.75,8.0,4.0,4.0,3,9,0.438,low
cand_0862,arch_015,Machine Learning Engineer,0.133,0.858,0.29,0.471,0.69,0.0,0.867,6.5,4.0,2.5,2,13,0.667,low
cand_0863,arch_015,Machine Learning Engineer,0.133,0.885,0.234,0.571,0.699,0.0,0.867,7.6,4.0,3.6,2,13,0.667,low
cand_0864,arch_015,Machine Learning Engineer,0.133,0.802,0.298,0.503,0.698,0.0,0.867,7.0,4.0,3.0,2,13,0.667,low
cand_0865,arch_015,AI Engineer,0.154,0.92,0.328,0.493,0.679,0.0,0.846,6.5,3.5,3.0,2,11,0.552,low
cand_0866,arch_015,AI Engineer,0.231,0.913,0.325,0.487,0.773,0.25,0.769,6.5,3.5,3.0,3,10,0.51,low
cand_0867,arch_015,AI Engineer,0.154,0.862,0.298,0.565,0.658,0.0,0.846,6.7,3.5,3.2,2,11,0.552,low
cand_0868,arch_015,MLOps Engineer,0.2,0.85,0.287,0.511,0.699,0.0,0.8,6.5,4.5,2.0,3,12,0.656,low
cand_0869,arch_015,MLOps Engineer,0.2,0.816,0.295,0.53,0.729,0.0,0.8,7.1,4.5,2.6,3,12,0.656,low
cand_0870,arch_015,MLOps Engineer,0.2,0.909,0.273,0.569,0.664,0.0,0.8,6.2,4.5,1.7,3,12,0.656,low
cand_0871,arch_015,Data Engineer,0.214,0.749,0.286,0.799,0.68,0.25,0.786,6.5,3.5,3.0,3,11,0.583,low
cand_0872,arch_015,Data Engineer,0.214,0.692,0.314,0.797,0.677,0.25,0.786,7.0,3.5,3.5,3,11,0.583,low
cand_0873,arch_015,Data Engineer,0.214,0.785,0.26,0.869,0.74,0.25,0.786,6.5,3.5,3.0,3,11,0.583,low
cand_0874,arch_015,DevOps Engineer,0.143,0.876,0.304,0.478,0.689,0.0,0.857,6.5,3.5,3.0,2,12,0.688,low
cand_0875,arch_015,DevOps Engineer,0.214,0.873,0.291,0.532,0.764,0.333,0.786,6.3,3.5,2.8,3,11,0.646,low
cand_0876,arch_015,DevOps Engineer,0.143,0.816,0.315,0.516,0.655,0.0,0.857,5.8,3.5,2.3,2,12,0.688,low
cand_0877,arch_015,Cloud Engineer,0.143,0.822,0.269,0.517,0.687,0.0,0.857,6.5,3.0,3.5,2,12,0.688,low
cand_0878,arch_015,Cloud Engineer,0.143,0.916,0.323,0.574,0.692,0.0,0.857,6.5,3.0,3.5,2,12,0.688,low
cand_0879,arch_015,Cloud Engineer,0.071,0.808,0.323,0.578,0.672,0.0,0.929,7.4,3.0,4.4,1,13,0.729,low
cand_0880,arch_015,Platform Engineer,0.143,0.859,0.262,0.515,0.694,0.0,0.857,6.5,4.5,2.0,2,12,0.656,low
cand_0881,arch_015,Platform Engineer,0.143,0.886,0.269,0.573,0.72,0.0,0.857,6.7,4.5,2.2,2,12,0.656,low
cand_0882,arch_015,Platform Engineer,0.143,0.884,0.234,0.473,0.711,0.0,0.857,7.1,4.5,2.6,2,12,0.656,low
cand_0883,arch_015,Site Reliability Engineer (SRE),0.143,0.905,0.318,0.489,0.717,0.0,0.857,6.5,4.0,2.5,2,12,0.625,low
cand_0884,arch_015,Site Reliability Engineer (SRE),0.214,0.862,0.293,0.466,0.769,0.333,0.786,7.7,4.0,3.7,3,11,0.583,low
cand_0885,arch_015,Site Reliability Engineer (SRE),0.143,0.899,0.276,0.511,0.723,0.0,0.857,6.7,4.0,2.7,2,12,0.625,low
cand_0886,arch_015,Cybersecurity Analyst,0.273,0.677,0.282,0.477,0.741,0.0,0.727,6.5,2.5,4.0,3,8,0.396,low
cand_0887,arch_015,Cybersecurity Analyst,0.273,0.684,0.308,0.573,0.73,0.0,0.727,6.8,2.5,4.3,3,8,0.396,low
cand_0888,arch_015,Cybersecurity Analyst,0.273,0.724,0.248,0.531,0.731,0.0,0.727,6.1,2.5,3.6,3,8,0.396,low
cand_0889,arch_015,Cloud Security Engineer,0.077,0.694,0.275,0.49,0.73,0.0,0.923,6.5,4.0,2.5,1,12,0.656,low
cand_0890,arch_015,Cloud Security Engineer,0.077,0.756,0.242,0.474,0.71,0.0,0.923,7.6,4.0,3.6,1,12,0.656,low
cand_0891,arch_015,Cloud Security Engineer,0.077,0.716,0.309,0.521,0.75,0.0,0.923,6.6,4.0,2.6,1,12,0.656,low
cand_0892,arch_015,QA Automation Engineer,0.167,0.715,0.608,0.552,0.747,0.0,0.833,6.5,2.5,4.0,2,10,0.542,low
cand_0893,arch_015,QA Automation Engineer,0.167,0.688,0.657,0.481,0.731,0.0,0.833,7.0,2.5,4.5,2,10,0.542,low
cand_0894,arch_015,QA Automation Engineer,0.167,0.762,0.615,0.535,0.684,0.0,0.833,6.8,2.5,4.3,2,10,0.542,low
cand_0895,arch_015,Mobile Developer (React Native / Flutter),0.0,0.686,0.25,0.535,0.695,0.0,1.0,6.5,2.5,4.0,0,11,0.615,low
cand_0896,arch_015,Mobile Developer (React Native / Flutter),0.0,0.735,0.231,0.566,0.693,0.0,1.0,6.8,2.5,4.3,0,11,0.615,low
cand_0897,arch_015,Mobile Developer (React Native / Flutter),0.0,0.719,0.238,0.532,0.694,0.0,1.0,7.2,2.5,4.7,0,11,0.615,low
cand_0898,arch_015,Solutions Architect,0.286,0.736,0.292,0.527,0.74,0.0,0.714,6.5,6.5,0.0,4,10,0.51,low
cand_0899,arch_015,Solutions Architect,0.357,0.674,0.315,0.54,0.813,0.333,0.643,6.2,6.5,-0.3,5,9,0.469,moderate
cand_0900,arch_015,Solutions Architect,0.286,0.676,0.272,0.481,0.728,0.0,0.714,6.5,6.5,0.0,4,10,0.51,low
cand_0901,arch_016,Java Backend Developer,0.231,0.743,0.299,0.531,0.523,0.0,0.769,2.0,3.0,-1.0,3,10,0.542,low
cand_0902,arch_016,Java Backend Developer,0.231,0.739,0.323,0.471,0.484,0.0,0.769,1.9,3.0,-1.1,3,10,0.542,low
cand_0903,arch_016,Java Backend Developer,0.231,0.678,0.273,0.526,0.483,0.0,0.769,2.2,3.0,-0.8,3,10,0.542,low
cand_0904,arch_016,Python Developer,0.333,0.686,0.299,0.493,0.502,0.0,0.667,2.0,2.5,-0.5,4,8,0.427,low
cand_0905,arch_016,Python Developer,0.333,0.743,0.241,0.548,0.51,0.0,0.667,2.4,2.5,-0.1,4,8,0.427,moderate
cand_0906,arch_016,Python Developer,0.333,0.753,0.323,0.578,0.483,0.0,0.667,3.8,2.5,1.3,4,8,0.427,moderate
cand_0907,arch_016,Full Stack Developer,0.214,0.743,0.262,0.523,0.54,0.0,0.786,2.0,3.0,-1.0,3,11,0.615,low
cand_0908,arch_016,Full Stack Developer,0.286,0.732,0.293,0.519,0.546,0.0,0.714,2.2,3.0,-0.8,4,10,0.573,low
cand_0909,arch_016,Full Stack Developer,0.214,0.788,0.23,0.463,0.51,0.0,0.786,2.8,3.0,-0.2,3,11,0.615,low
cand_0910,arch_016,Frontend Developer,0.091,0.684,0.655,0.556,0.54,0.0,0.909,2.0,2.0,0.0,1,10,0.573,low
cand_0911,arch_016,Frontend Developer,0.182,0.767,0.591,0.537,0.587,0.5,0.818,2.3,2.0,0.3,2,9,0.531,low
cand_0912,arch_016,Frontend Developer,0.091,0.731,0.602,0.461,0.443,0.0,0.909,1.9,2.0,-0.1,1,10,0.573,low
cand_0913,arch_016,Backend Developer,0.231,0.711,0.302,0.534,0.462,0.0,0.769,2.0,3.0,-1.0,3,10,0.542,low
cand_0914,arch_016,Backend Developer,0.231,0.781,0.278,0.517,0.463,0.0,0.769,1.9,3.0,-1.1,3,10,0.542,low
cand_0915,arch_016,Backend Developer,0.154,0.777,0.284,0.5,0.451,0.0,0.846,1.6,3.0,-1.4,2,11,0.615,low
cand_0916,arch_016,Data Analyst,0.333,0.72,0.644,0.88,0.484,0.0,0.667,2.0,2.0,0.0,3,6,0.344,moderate
cand_0917,arch_016,Data Analyst,0.444,0.695,0.639,0.876,0.602,0.5,0.556,2.8,2.0,0.8,4,5,0.302,moderate
cand_0918,arch_016,Data Analyst,0.333,0.704,0.573,0.898,0.51,0.0,0.667,2.1,2.0,0.1,3,6,0.344,moderate
cand_0919,arch_016,Data Scientist,0.5,0.901,0.287,0.827,0.508,0.0,0.5,2.0,4.0,-2.0,6,6,0.281,moderate
cand_0920,arch_016,Data Scientist,0.5,0.885,0.261,0.784,0.493,0.0,0.5,3.0,4.0,-1.0,6,6,0.281,moderate
cand_0921,arch_016,Data Scientist,0.417,0.9,0.26,0.843,0.403,0.0,0.583,2.5,4.0,-1.5,5,7,0.354,moderate
cand_0922,arch_016,Machine Learning Engineer,0.333,0.845,0.234,0.484,0.467,0.0,0.667,2.0,4.0,-2.0,5,10,0.51,low
cand_0923,arch_016,Machine Learning Engineer,0.333,0.909,0.245,0.501,0.499,0.0,0.667,2.4,4.0,-1.6,5,10,0.51,low
cand_0924,arch_016,Machine Learning Engineer,0.333,0.839,0.307,0.472,0.539,0.0,0.667,3.5,4.0,-0.5,5,10,0.51,low
cand_0925,arch_016,AI Engineer,0.231,0.862,0.329,0.485,0.463,0.0,0.769,2.0,3.5,-1.5,3,10,0.51,low
cand_0926,arch_016,AI Engineer,0.231,0.814,0.261,0.465,0.528,0.0,0.769,2.2,3.5,-1.3,3,10,0.51,low
cand_0927,arch_016,AI Engineer,0.231,0.907,0.24,0.552,0.52,0.0,0.769,3.5,3.5,0.0,3,10,0.51,low
cand_0928,arch_016,MLOps Engineer,0.2,0.803,0.306,0.537,0.477,0.0,0.8,2.0,4.5,-2.5,3,12,0.625,low
cand_0929,arch_016,MLOps Engineer,0.267,0.838,0.274,0.474,0.543,0.25,0.733,1.9,4.5,-2.6,4,11,0.583,low
cand_0930,arch_016,MLOps Engineer,0.133,0.867,0.24,0.525,0.433,0.0,0.867,1.9,4.5,-2.6,2,13,0.698,low
cand_0931,arch_016,Data Engineer,0.286,0.703,0.324,0.556,0.506,0.0,0.714,2.0,3.5,-1.5,4,10,0.479,low
cand_0932,arch_016,Data Engineer,0.357,0.735,0.235,0.463,0.604,0.25,0.643,1.9,3.5,-1.6,5,9,0.438,low
cand_0933,arch_016,Data Engineer,0.286,0.68,0.269,0.545,0.531,0.0,0.714,1.3,3.5,-2.2,4,10,0.479,low
cand_0934,arch_016,DevOps Engineer,0.214,0.876,0.299,0.514,0.488,0.0,0.786,2.0,3.5,-1.5,3,11,0.615,low
cand_0935,arch_016,DevOps Engineer,0.286,0.917,0.306,0.516,0.542,0.0,0.714,2.1,3.5,-1.4,4,10,0.573,low
cand_0936,arch_016,DevOps Engineer,0.214,0.856,0.276,0.542,0.517,0.0,0.786,3.3,3.5,-0.2,3,11,0.615,low
cand_0937,arch_016,Cloud Engineer,0.214,0.856,0.253,0.487,0.529,0.0,0.786,2.0,3.0,-1.0,3,11,0.615,low
cand_0938,arch_016,Cloud Engineer,0.214,0.847,0.3,0.54,0.523,0.0,0.786,2.6,3.0,-0.4,3,11,0.615,low
cand_0939,arch_016,Cloud Engineer,0.214,0.804,0.278,0.502,0.497,0.0,0.786,3.5,3.0,0.5,3,11,0.615,low
cand_0940,arch_016,Platform Engineer,0.143,0.82,0.307,0.533,0.47,0.0,0.857,2.0,4.5,-2.5,2,12,0.688,low
cand_0941,arch_016,Platform Engineer,0.143,0.896,0.263,0.538,0.523,0.0,0.857,1.8,4.5,-2.7,2,12,0.688,low
cand_0942,arch_016,Platform Engineer,0.143,0.85,0.292,0.526,0.538,0.0,0.857,2.6,4.5,-1.9,2,12,0.688,low
cand_0943,arch_016,Site Reliability Engineer (SRE),0.143,0.846,0.264,0.558,0.507,0.0,0.857,2.0,4.0,-2.0,2,12,0.656,low
cand_0944,arch_016,Site Reliability Engineer (SRE),0.143,0.894,0.284,0.488,0.513,0.0,0.857,2.9,4.0,-1.1,2,12,0.656,low
cand_0945,arch_016,Site Reliability Engineer (SRE),0.143,0.869,0.279,0.531,0.497,0.0,0.857,1.4,4.0,-2.6,2,12,0.656,low
cand_0946,arch_016,Cybersecurity Analyst,0.273,0.737,0.312,0.481,0.536,0.0,0.727,2.0,2.5,-0.5,3,8,0.427,low
cand_0947,arch_016,Cybersecurity Analyst,0.273,0.742,0.312,0.499,0.512,0.0,0.727,1.7,2.5,-0.8,3,8,0.427,low
cand_0948,arch_016,Cybersecurity Analyst,0.273,0.776,0.32,0.536,0.389,0.0,0.727,1.4,2.5,-1.1,3,8,0.427,low
cand_0949,arch_016,Cloud Security Engineer,0.154,0.688,0.245,0.524,0.491,0.0,0.846,2.0,4.0,-2.0,2,11,0.615,low
cand_0950,arch_016,Cloud Security Engineer,0.154,0.706,0.309,0.542,0.533,0.0,0.846,2.5,4.0,-1.5,2,11,0.615,low
cand_0951,arch_016,Cloud Security Engineer,0.154,0.78,0.329,0.53,0.509,0.0,0.846,3.6,4.0,-0.4,2,11,0.615,low
cand_0952,arch_016,QA Automation Engineer,0.25,0.731,0.655,0.562,0.465,0.0,0.75,2.0,2.5,-0.5,3,9,0.469,low
cand_0953,arch_016,QA Automation Engineer,0.25,0.67,0.626,0.577,0.469,0.0,0.75,3.0,2.5,0.5,3,9,0.469,low
cand_0954,arch_016,QA Automation Engineer,0.167,0.754,0.609,0.498,0.419,0.0,0.833,1.9,2.5,-0.6,2,10,0.542,low
cand_0955,arch_016,Mobile Developer (React Native / Flutter),0.091,0.716,0.285,0.539,0.498,0.0,0.909,2.0,2.5,-0.5,1,10,0.542,low
cand_0956,arch_016,Mobile Developer (React Native / Flutter),0.182,0.771,0.245,0.58,0.585,0.333,0.818,1.9,2.5,-0.6,2,9,0.5,low
cand_0957,arch_016,Mobile Developer (React Native / Flutter),0.091,0.687,0.318,0.539,0.467,0.0,0.909,1.5,2.5,-1.0,1,10,0.542,low
cand_0958,arch_016,Solutions Architect,0.214,0.686,0.244,0.557,0.529,0.0,0.786,2.0,6.5,-4.5,3,11,0.615,low
cand_0959,arch_016,Solutions Architect,0.214,0.782,0.292,0.515,0.494,0.0,0.786,3.0,6.5,-3.5,3,11,0.615,low
cand_0960,arch_016,Solutions Architect,0.214,0.697,0.272,0.461,0.5,0.0,0.786,3.3,6.5,-3.2,3,11,0.615,low
cand_0961,arch_017,Java Backend Developer,0.308,0.758,0.301,0.492,0.82,0.0,0.692,4.2,3.0,1.2,4,9,0.469,moderate
cand_0962,arch_017,Java Backend Developer,0.385,0.738,0.3,0.474,0.856,0.333,0.615,4.7,3.0,1.7,5,8,0.427,moderate
cand_0963,arch_017,Java Backend Developer,0.308,0.788,0.328,0.553,0.711,0.0,0.692,5.2,3.0,2.2,4,9,0.469,moderate
cand_0964,arch_017,Python Developer,0.5,0.679,0.319,0.471,0.784,0.333,0.5,4.2,2.5,1.7,6,6,0.312,moderate
cand_0965,arch_017,Python Developer,0.5,0.679,0.293,0.556,0.771,0.333,0.5,5.0,2.5,2.5,6,6,0.312,moderate
cand_0966,arch_017,Python Developer,0.5,0.763,0.277,0.522,0.783,0.333,0.5,3.5,2.5,1.0,6,6,0.312,moderate
cand_0967,arch_017,Full Stack Developer,0.357,0.758,0.272,0.575,0.81,0.333,0.643,4.2,3.0,1.2,5,9,0.5,moderate
cand_0968,arch_017,Full Stack Developer,0.357,0.757,0.286,0.467,0.784,0.333,0.643,4.3,3.0,1.3,5,9,0.5,moderate
cand_0969,arch_017,Full Stack Developer,0.357,0.767,0.292,0.494,0.681,0.333,0.643,3.8,3.0,0.8,5,9,0.5,moderate
cand_0970,arch_017,Frontend Developer,0.182,0.731,0.655,0.493,0.756,0.0,0.818,4.2,2.0,2.2,2,9,0.5,low
cand_0971,arch_017,Frontend Developer,0.182,0.672,0.581,0.481,0.793,0.0,0.818,4.2,2.0,2.2,2,9,0.5,low
cand_0972,arch_017,Frontend Developer,0.182,0.767,0.596,0.544,0.785,0.0,0.818,3.8,2.0,1.8,2,9,0.5,low
cand_0973,arch_017,Backend Developer,0.308,0.766,0.316,0.501,0.752,0.0,0.692,4.2,3.0,1.2,4,9,0.469,moderate
cand_0974,arch_017,Backend Developer,0.308,0.688,0.28,0.579,0.807,0.0,0.692,4.0,3.0,1.0,4,9,0.469,moderate
cand_0975,arch_017,Backend Developer,0.308,0.747,0.251,0.548,0.773,0.0,0.692,4.0,3.0,1.0,4,9,0.469,moderate
cand_0976,arch_017,Data Analyst,0.444,0.747,0.646,0.794,0.759,0.5,0.556,4.2,2.0,2.2,4,5,0.302,moderate
cand_0977,arch_017,Data Analyst,0.556,0.716,0.641,0.837,0.829,0.5,0.444,4.4,2.0,2.4,5,4,0.26,high
cand_0978,arch_017,Data Analyst,0.444,0.716,0.602,0.844,0.751,0.5,0.556,5.7,2.0,3.7,4,5,0.302,moderate
cand_0979,arch_017,Data Scientist,0.833,0.812,0.283,0.822,0.813,0.333,0.167,4.2,4.0,0.2,10,2,0.083,high
cand_0980,arch_017,Data Scientist,0.833,0.833,0.257,0.876,0.766,0.333,0.167,4.8,4.0,0.8,10,2,0.083,high
cand_0981,arch_017,Data Scientist,0.833,0.881,0.254,0.861,0.807,0.333,0.167,4.9,4.0,0.9,10,2,0.083,high
cand_0982,arch_017,Machine Learning Engineer,0.667,0.862,0.298,0.579,0.771,0.25,0.333,4.2,4.0,0.2,10,5,0.208,high
cand_0983,arch_017,Machine Learning Engineer,0.733,0.801,0.24,0.472,0.853,0.5,0.267,3.8,4.0,-0.2,11,4,0.167,high
cand_0984,arch_017,Machine Learning Engineer,0.667,0.823,0.232,0.471,0.821,0.25,0.333,4.0,4.0,0.0,10,5,0.208,moderate
cand_0985,arch_017,AI Engineer,0.462,0.879,0.314,0.574,0.797,0.25,0.538,4.2,3.5,0.7,6,7,0.354,moderate
cand_0986,arch_017,AI Engineer,0.538,0.845,0.306,0.538,0.881,0.5,0.462,4.9,3.5,1.4,7,6,0.312,moderate
cand_0987,arch_017,AI Engineer,0.385,0.83,0.277,0.572,0.725,0.25,0.615,3.9,3.5,0.4,5,8,0.427,moderate
cand_0988,arch_017,MLOps Engineer,0.333,0.911,0.258,0.511,0.818,0.0,0.667,4.2,4.5,-0.3,5,10,0.51,moderate
cand_0989,arch_017,MLOps Engineer,0.333,0.894,0.258,0.467,0.777,0.0,0.667,5.0,4.5,0.5,5,10,0.51,moderate
cand_0990,arch_017,MLOps Engineer,0.333,0.898,0.248,0.468,0.824,0.0,0.667,6.0,4.5,1.5,5,10,0.51,moderate
cand_0991,arch_017,Data Engineer,0.357,0.694,0.269,0.537,0.754,0.0,0.643,4.2,3.5,0.7,5,9,0.438,moderate
cand_0992,arch_017,Data Engineer,0.357,0.744,0.241,0.513,0.766,0.0,0.643,4.7,3.5,1.2,5,9,0.438,moderate
cand_0993,arch_017,Data Engineer,0.357,0.763,0.232,0.52,0.727,0.0,0.643,3.5,3.5,0.0,5,9,0.438,moderate
cand_0994,arch_017,DevOps Engineer,0.214,0.8,0.234,0.507,0.758,0.0,0.786,4.2,3.5,0.7,3,11,0.583,low
cand_0995,arch_017,DevOps Engineer,0.286,0.862,0.324,0.519,0.852,0.333,0.714,4.3,3.5,0.8,4,10,0.542,moderate
cand_0996,arch_017,DevOps Engineer,0.214,0.894,0.284,0.46,0.822,0.0,0.786,5.6,3.5,2.1,3,11,0.583,low
cand_0997,arch_017,Cloud Engineer,0.357,0.898,0.278,0.528,0.821,0.0,0.643,4.2,3.0,1.2,5,9,0.469,moderate
cand_0998,arch_017,Cloud Engineer,0.357,0.848,0.293,0.575,0.753,0.0,0.643,4.4,3.0,1.4,5,9,0.469,moderate
cand_0999,arch_017,Cloud Engineer,0.357,0.81,0.276,0.552,0.798,0.0,0.643,4.8,3.0,1.8,5,9,0.469,moderate
cand_1000,arch_017,Platform Engineer,0.214,0.821,0.234,0.506,0.761,0.0,0.786,4.2,4.5,-0.3,3,11,0.615,low
cand_1001,arch_017,Platform Engineer,0.214,0.876,0.266,0.47,0.796,0.0,0.786,4.9,4.5,0.4,3,11,0.615,low
cand_1002,arch_017,Platform Engineer,0.214,0.803,0.33,0.489,0.705,0.0,0.786,5.3,4.5,0.8,3,11,0.615,low
cand_1003,arch_017,Site Reliability Engineer (SRE),0.214,0.895,0.294,0.52,0.823,0.0,0.786,4.2,4.0,0.2,3,11,0.583,low
cand_1004,arch_017,Site Reliability Engineer (SRE),0.214,0.802,0.264,0.501,0.803,0.0,0.786,5.1,4.0,1.1,3,11,0.583,low
cand_1005,arch_017,Site Reliability Engineer (SRE),0.214,0.88,0.276,0.541,0.744,0.0,0.786,4.5,4.0,0.5,3,11,0.583,low
cand_1006,arch_017,Cybersecurity Analyst,0.273,0.688,0.288,0.571,0.749,0.0,0.727,4.2,2.5,1.7,3,8,0.427,low
cand_1007,arch_017,Cybersecurity Analyst,0.273,0.727,0.322,0.465,0.802,0.0,0.727,4.0,2.5,1.5,3,8,0.427,low
cand_1008,arch_017,Cybersecurity Analyst,0.273,0.779,0.312,0.472,0.723,0.0,0.727,3.7,2.5,1.2,3,8,0.427,low
cand_1009,arch_017,Cloud Security Engineer,0.231,0.77,0.236,0.558,0.755,0.0,0.769,4.2,4.0,0.2,3,10,0.542,low
cand_1010,arch_017,Cloud Security Engineer,0.231,0.678,0.25,0.5,0.813,0.0,0.769,4.8,4.0,0.8,3,10,0.542,low
cand_1011,arch_017,Cloud Security Engineer,0.231,0.684,0.298,0.526,0.771,0.0,0.769,5.3,4.0,1.3,3,10,0.542,low
cand_1012,arch_017,QA Automation Engineer,0.417,0.786,0.591,0.465,0.76,0.0,0.583,4.2,2.5,1.7,5,7,0.354,moderate
cand_1013,arch_017,QA Automation Engineer,0.5,0.72,0.64,0.526,0.852,0.0,0.5,3.9,2.5,1.4,6,6,0.312,moderate
cand_1014,arch_017,QA Automation Engineer,0.333,0.765,0.633,0.505,0.687,0.0,0.667,5.8,2.5,3.3,4,8,0.427,moderate
cand_1015,arch_017,Mobile Developer (React Native / Flutter),0.182,0.776,0.238,0.461,0.82,0.0,0.818,4.2,2.5,1.7,2,9,0.469,low
cand_1016,arch_017,Mobile Developer (React Native / Flutter),0.182,0.704,0.299,0.555,0.784,0.0,0.818,4.9,2.5,2.4,2,9,0.469,low
cand_1017,arch_017,Mobile Developer (React Native / Flutter),0.182,0.733,0.271,0.573,0.723,0.0,0.818,3.7,2.5,1.2,2,9,0.469,low
cand_1018,arch_017,Solutions Architect,0.286,0.675,0.248,0.52,0.822,0.0,0.714,4.2,6.5,-2.3,4,10,0.542,low
cand_1019,arch_017,Solutions Architect,0.286,0.712,0.23,0.488,0.755,0.0,0.714,4.8,6.5,-1.7,4,10,0.542,low
cand_1020,arch_017,Solutions Architect,0.214,0.774,0.329,0.521,0.711,0.0,0.786,4.8,6.5,-1.7,3,11,0.615,low
cand_1021,arch_018,Java Backend Developer,0.308,0.745,0.251,0.466,0.898,0.333,0.692,7.0,3.0,4.0,4,9,0.5,moderate
cand_1022,arch_018,Java Backend Developer,0.308,0.779,0.28,0.479,0.962,0.333,0.692,6.8,3.0,3.8,4,9,0.5,moderate
cand_1023,arch_018,Java Backend Developer,0.308,0.695,0.255,0.534,0.96,0.333,0.692,6.3,3.0,3.3,4,9,0.5,moderate
cand_1024,arch_018,Python Developer,0.5,0.724,0.24,0.466,0.932,0.667,0.5,7.0,2.5,4.5,6,6,0.344,moderate
cand_1025,arch_018,Python Developer,0.5,0.684,0.32,0.547,0.936,0.667,0.5,6.9,2.5,4.4,6,6,0.344,moderate
cand_1026,arch_018,Python Developer,0.417,0.778,0.253,0.473,0.835,0.333,0.583,7.0,2.5,4.5,5,7,0.385,moderate
cand_1027,arch_018,Full Stack Developer,0.286,0.698,0.271,0.484,0.96,0.333,0.714,7.0,3.0,4.0,4,10,0.573,moderate
cand_1028,arch_018,Full Stack Developer,0.286,0.677,0.274,0.486,0.937,0.333,0.714,6.7,3.0,3.7,4,10,0.573,moderate
cand_1029,arch_018,Full Stack Developer,0.286,0.725,0.249,0.503,0.91,0.333,0.714,6.7,3.0,3.7,4,10,0.573,moderate
cand_1030,arch_018,Frontend Developer,0.091,0.71,0.573,0.528,0.911,0.0,0.909,7.0,2.0,5.0,1,10,0.573,low
cand_1031,arch_018,Frontend Developer,0.091,0.72,0.646,0.486,0.912,0.0,0.909,6.8,2.0,4.8,1,10,0.573,low
cand_1032,arch_018,Frontend Developer,0.091,0.784,0.661,0.529,0.933,0.0,0.909,6.6,2.0,4.6,1,10,0.573,low
cand_1033,arch_018,Backend Developer,0.308,0.698,0.271,0.523,0.958,0.333,0.692,7.0,3.0,4.0,4,9,0.5,moderate
cand_1034,arch_018,Backend Developer,0.308,0.726,0.231,0.511,0.958,0.333,0.692,6.9,3.0,3.9,4,9,0.5,moderate
cand_1035,arch_018,Backend Developer,0.308,0.697,0.323,0.574,0.962,0.333,0.692,6.8,3.0,3.8,4,9,0.5,moderate
cand_1036,arch_018,Data Analyst,0.333,0.778,0.612,0.785,0.968,0.5,0.667,7.0,2.0,5.0,3,6,0.375,moderate
cand_1037,arch_018,Data Analyst,0.333,0.721,0.609,0.877,0.944,0.5,0.667,7.8,2.0,5.8,3,6,0.375,moderate
cand_1038,arch_018,Data Analyst,0.333,0.68,0.645,0.863,0.921,0.5,0.667,6.5,2.0,4.5,3,6,0.375,moderate
cand_1039,arch_018,Data Scientist,0.833,0.826,0.266,0.809,0.968,1.0,0.167,7.0,4.0,3.0,10,2,0.115,high
cand_1040,arch_018,Data Scientist,0.833,0.819,0.276,0.848,0.935,1.0,0.167,6.6,4.0,2.6,10,2,0.115,high
cand_1041,arch_018,Data Scientist,0.833,0.817,0.3,0.802,0.958,1.0,0.167,8.7,4.0,4.7,10,2,0.115,high
cand_1042,arch_018,Machine Learning Engineer,0.733,0.875,0.3,0.46,0.939,0.75,0.267,7.0,4.0,3.0,11,4,0.198,high
cand_1043,arch_018,Machine Learning Engineer,0.733,0.864,0.26,0.55,0.944,0.75,0.267,7.2,4.0,3.2,11,4,0.198,high
cand_1044,arch_018,Machine Learning Engineer,0.733,0.825,0.298,0.534,0.915,0.75,0.267,7.8,4.0,3.8,11,4,0.198,high
cand_1045,arch_018,AI Engineer,0.692,0.912,0.281,0.569,0.918,1.0,0.308,7.0,3.5,3.5,9,4,0.229,high
cand_1046,arch_018,AI Engineer,0.692,0.874,0.267,0.481,0.933,1.0,0.308,6.7,3.5,3.2,9,4,0.229,high
cand_1047,arch_018,AI Engineer,0.692,0.825,0.328,0.489,0.898,1.0,0.308,6.4,3.5,2.9,9,4,0.229,high
cand_1048,arch_018,MLOps Engineer,0.333,0.857,0.324,0.53,0.965,0.0,0.667,7.0,4.5,2.5,5,10,0.479,moderate
cand_1049,arch_018,MLOps Engineer,0.333,0.827,0.265,0.492,0.943,0.0,0.667,6.9,4.5,2.4,5,10,0.479,moderate
cand_1050,arch_018,MLOps Engineer,0.267,0.854,0.28,0.56,0.855,0.0,0.733,6.9,4.5,2.4,4,11,0.552,low
cand_1051,arch_018,Data Engineer,0.357,0.734,0.313,0.568,0.925,0.25,0.643,7.0,3.5,3.5,5,9,0.438,moderate
cand_1052,arch_018,Data Engineer,0.357,0.753,0.328,0.566,0.904,0.25,0.643,7.2,3.5,3.7,5,9,0.438,moderate
cand_1053,arch_018,Data Engineer,0.357,0.778,0.259,0.575,0.826,0.25,0.643,8.5,3.5,5.0,5,9,0.438,moderate
cand_1054,arch_018,DevOps Engineer,0.286,0.833,0.3,0.52,0.959,0.0,0.714,7.0,3.5,3.5,4,10,0.51,moderate
cand_1055,arch_018,DevOps Engineer,0.286,0.835,0.327,0.525,0.899,0.0,0.714,7.4,3.5,3.9,4,10,0.51,moderate
cand_1056,arch_018,DevOps Engineer,0.286,0.877,0.259,0.468,0.958,0.0,0.714,7.1,3.5,3.6,4,10,0.51,moderate
cand_1057,arch_018,Cloud Engineer,0.357,0.828,0.325,0.537,0.922,0.0,0.643,7.0,3.0,4.0,5,9,0.5,moderate
cand_1058,arch_018,Cloud Engineer,0.357,0.839,0.289,0.544,0.956,0.0,0.643,7.1,3.0,4.1,5,9,0.5,moderate
cand_1059,arch_018,Cloud Engineer,0.357,0.816,0.309,0.481,0.909,0.0,0.643,7.4,3.0,4.4,5,9,0.5,moderate
cand_1060,arch_018,Platform Engineer,0.286,0.858,0.327,0.552,0.892,0.0,0.714,7.0,4.5,2.5,4,10,0.542,moderate
cand_1061,arch_018,Platform Engineer,0.286,0.82,0.322,0.545,0.911,0.0,0.714,7.2,4.5,2.7,4,10,0.542,moderate
cand_1062,arch_018,Platform Engineer,0.286,0.883,0.297,0.478,0.908,0.0,0.714,8.7,4.5,4.2,4,10,0.542,moderate
cand_1063,arch_018,Site Reliability Engineer (SRE),0.286,0.805,0.262,0.475,0.909,0.0,0.714,7.0,4.0,3.0,4,10,0.51,moderate
cand_1064,arch_018,Site Reliability Engineer (SRE),0.286,0.804,0.262,0.501,0.918,0.0,0.714,6.9,4.0,2.9,4,10,0.51,moderate
cand_1065,arch_018,Site Reliability Engineer (SRE),0.286,0.815,0.232,0.572,0.879,0.0,0.714,7.6,4.0,3.6,4,10,0.51,moderate
cand_1066,arch_018,Cybersecurity Analyst,0.273,0.784,0.323,0.479,0.966,0.0,0.727,7.0,2.5,4.5,3,8,0.427,low
cand_1067,arch_018,Cybersecurity Analyst,0.273,0.748,0.26,0.568,0.966,0.0,0.727,7.5,2.5,5.0,3,8,0.427,low
cand_1068,arch_018,Cybersecurity Analyst,0.273,0.75,0.31,0.547,0.962,0.0,0.727,8.2,2.5,5.7,3,8,0.427,low
cand_1069,arch_018,Cloud Security Engineer,0.308,0.711,0.241,0.517,0.892,0.0,0.692,7.0,4.0,3.0,4,9,0.5,moderate
cand_1070,arch_018,Cloud Security Engineer,0.308,0.718,0.314,0.514,0.896,0.0,0.692,7.7,4.0,3.7,4,9,0.5,moderate
cand_1071,arch_018,Cloud Security Engineer,0.308,0.74,0.252,0.572,0.911,0.0,0.692,6.3,4.0,2.3,4,9,0.5,moderate
cand_1072,arch_018,QA Automation Engineer,0.333,0.673,0.624,0.513,0.942,0.0,0.667,7.0,2.5,4.5,4,8,0.427,moderate
cand_1073,arch_018,QA Automation Engineer,0.333,0.693,0.602,0.533,0.964,0.0,0.667,6.7,2.5,4.2,4,8,0.427,moderate
cand_1074,arch_018,QA Automation Engineer,0.333,0.688,0.655,0.504,0.918,0.0,0.667,8.6,2.5,6.1,4,8,0.427,moderate
cand_1075,arch_018,Mobile Developer (React Native / Flutter),0.091,0.704,0.265,0.577,0.959,0.0,0.909,7.0,2.5,4.5,1,10,0.542,low
cand_1076,arch_018,Mobile Developer (React Native / Flutter),0.091,0.723,0.329,0.556,0.912,0.0,0.909,6.7,2.5,4.2,1,10,0.542,low
cand_1077,arch_018,Mobile Developer (React Native / Flutter),0.091,0.721,0.32,0.477,0.936,0.0,0.909,8.3,2.5,5.8,1,10,0.542,low
cand_1078,arch_018,Solutions Architect,0.286,0.68,0.251,0.517,0.958,0.0,0.714,7.0,6.5,0.5,4,10,0.573,low
cand_1079,arch_018,Solutions Architect,0.357,0.681,0.271,0.57,0.993,0.333,0.643,8.2,6.5,1.7,5,9,0.531,moderate
cand_1080,arch_018,Solutions Architect,0.286,0.761,0.244,0.482,0.919,0.0,0.714,7.6,6.5,1.1,4,10,0.573,low
cand_1081,arch_019,Java Backend Developer,0.462,0.736,0.234,0.559,0.598,0.0,0.538,2.2,3.0,-0.8,6,7,0.385,moderate
cand_1082,arch_019,Java Backend Developer,0.462,0.726,0.233,0.46,0.552,0.0,0.538,2.3,3.0,-0.7,6,7,0.385,moderate
cand_1083,arch_019,Java Backend Developer,0.462,0.727,0.295,0.567,0.565,0.0,0.538,3.9,3.0,0.9,6,7,0.385,moderate
cand_1084,arch_019,Python Developer,0.583,0.729,0.299,0.489,0.541,0.0,0.417,2.2,2.5,-0.3,7,5,0.271,moderate
cand_1085,arch_019,Python Developer,0.583,0.678,0.305,0.53,0.577,0.0,0.417,2.2,2.5,-0.3,7,5,0.271,moderate
cand_1086,arch_019,Python Developer,0.583,0.727,0.299,0.474,0.572,0.0,0.417,3.7,2.5,1.2,7,5,0.271,moderate
cand_1087,arch_019,Full Stack Developer,0.357,0.739,0.315,0.48,0.536,0.0,0.643,2.2,3.0,-0.8,5,9,0.5,low
cand_1088,arch_019,Full Stack Developer,0.357,0.686,0.246,0.493,0.565,0.0,0.643,2.3,3.0,-0.7,5,9,0.5,low
cand_1089,arch_019,Full Stack Developer,0.357,0.705,0.283,0.572,0.573,0.0,0.643,3.8,3.0,0.8,5,9,0.5,moderate
cand_1090,arch_019,Frontend Developer,0.182,0.762,0.588,0.471,0.592,0.0,0.818,2.2,2.0,0.2,2,9,0.5,low
cand_1091,arch_019,Frontend Developer,0.182,0.769,0.638,0.496,0.586,0.0,0.818,2.7,2.0,0.7,2,9,0.5,low
cand_1092,arch_019,Frontend Developer,0.182,0.769,0.571,0.522,0.49,0.0,0.818,3.2,2.0,1.2,2,9,0.5,low
cand_1093,arch_019,Backend Developer,0.385,0.728,0.264,0.569,0.54,0.0,0.615,2.2,3.0,-0.8,5,8,0.427,moderate
cand_1094,arch_019,Backend Developer,0.462,0.765,0.286,0.543,0.679,0.0,0.538,2.0,3.0,-1.0,6,7,0.385,moderate
cand_1095,arch_019,Backend Developer,0.385,0.754,0.31,0.51,0.605,0.0,0.615,3.6,3.0,0.6,5,8,0.427,moderate
cand_1096,arch_019,Data Analyst,0.222,0.684,0.583,0.782,0.559,0.0,0.778,2.2,2.0,0.2,2,7,0.417,low
cand_1097,arch_019,Data Analyst,0.333,0.777,0.63,0.872,0.63,0.5,0.667,2.9,2.0,0.9,3,6,0.375,moderate
cand_1098,arch_019,Data Analyst,0.222,0.697,0.656,0.797,0.478,0.0,0.778,3.2,2.0,1.2,2,7,0.417,low
cand_1099,arch_019,Data Scientist,0.333,0.815,0.243,0.469,0.587,0.0,0.667,2.2,4.0,-1.8,4,8,0.427,low
cand_1100,arch_019,Data Scientist,0.417,0.858,0.273,0.484,0.605,0.333,0.583,3.1,4.0,-0.9,5,7,0.385,moderate
cand_1101,arch_019,Data Scientist,0.333,0.856,0.321,0.465,0.556,0.0,0.667,3.1,4.0,-0.9,4,8,0.427,low
cand_1102,arch_019,Machine Learning Engineer,0.4,0.801,0.24,0.475,0.58,0.0,0.6,2.2,4.0,-1.8,6,9,0.438,low
cand_1103,arch_019,Machine Learning Engineer,0.467,0.804,0.245,0.55,0.625,0.25,0.533,2.7,4.0,-1.3,7,8,0.396,moderate
cand_1104,arch_019,Machine Learning Engineer,0.4,0.903,0.308,0.534,0.572,0.0,0.6,2.9,4.0,-1.1,6,9,0.438,moderate
cand_1105,arch_019,AI Engineer,0.385,0.808,0.312,0.552,0.574,0.0,0.615,2.2,3.5,-1.3,5,8,0.396,moderate
cand_1106,arch_019,AI Engineer,0.385,0.821,0.305,0.461,0.589,0.0,0.615,2.9,3.5,-0.6,5,8,0.396,moderate
cand_1107,arch_019,AI Engineer,0.385,0.902,0.277,0.544,0.546,0.0,0.615,3.8,3.5,0.3,5,8,0.396,moderate
cand_1108,arch_019,MLOps Engineer,0.4,0.881,0.241,0.56,0.61,0.0,0.6,2.2,4.5,-2.3,6,9,0.438,moderate
cand_1109,arch_019,MLOps Engineer,0.4,0.849,0.306,0.498,0.569,0.0,0.6,2.5,4.5,-2.0,6,9,0.438,low
cand_1110,arch_019,MLOps Engineer,0.4,0.843,0.259,0.547,0.538,0.0,0.6,2.8,4.5,-1.7,6,9,0.438,moderate
cand_1111,arch_019,Data Engineer,0.571,0.729,0.268,0.835,0.59,0.0,0.429,2.2,3.5,-1.3,8,6,0.25,moderate
cand_1112,arch_019,Data Engineer,0.571,0.697,0.271,0.898,0.566,0.0,0.429,2.9,3.5,-0.6,8,6,0.25,moderate
cand_1113,arch_019,Data Engineer,0.571,0.766,0.324,0.824,0.532,0.0,0.429,3.6,3.5,0.1,8,6,0.25,high
cand_1114,arch_019,DevOps Engineer,0.357,0.881,0.297,0.508,0.573,0.0,0.643,2.2,3.5,-1.3,5,9,0.469,low
cand_1115,arch_019,DevOps Engineer,0.429,0.848,0.289,0.472,0.677,0.0,0.571,2.9,3.5,-0.6,6,8,0.427,moderate
cand_1116,arch_019,DevOps Engineer,0.357,0.841,0.289,0.579,0.47,0.0,0.643,3.9,3.5,0.4,5,9,0.469,moderate
cand_1117,arch_019,Cloud Engineer,0.429,0.901,0.303,0.493,0.589,0.0,0.571,2.2,3.0,-0.8,6,8,0.396,moderate
cand_1118,arch_019,Cloud Engineer,0.5,0.843,0.297,0.574,0.682,0.333,0.5,2.7,3.0,-0.3,7,7,0.354,moderate
cand_1119,arch_019,Cloud Engineer,0.357,0.813,0.255,0.52,0.51,0.0,0.643,2.7,3.0,-0.3,5,9,0.469,moderate
cand_1120,arch_019,Platform Engineer,0.286,0.816,0.24,0.466,0.537,0.0,0.714,2.2,4.5,-2.3,4,10,0.542,low
cand_1121,arch_019,Platform Engineer,0.286,0.846,0.298,0.478,0.581,0.0,0.714,2.9,4.5,-1.6,4,10,0.542,low
cand_1122,arch_019,Platform Engineer,0.214,0.895,0.25,0.539,0.499,0.0,0.786,1.7,4.5,-2.8,3,11,0.615,low
cand_1123,arch_019,Site Reliability Engineer (SRE),0.286,0.831,0.264,0.563,0.575,0.0,0.714,2.2,4.0,-1.8,4,10,0.51,low
cand_1124,arch_019,Site Reliability Engineer (SRE),0.357,0.906,0.242,0.514,0.671,0.333,0.643,3.3,4.0,-0.7,5,9,0.469,moderate
cand_1125,arch_019,Site Reliability Engineer (SRE),0.214,0.867,0.316,0.496,0.516,0.0,0.786,2.6,4.0,-1.4,3,11,0.583,low
cand_1126,arch_019,Cybersecurity Analyst,0.364,0.729,0.243,0.546,0.57,0.0,0.636,2.2,2.5,-0.3,4,7,0.354,moderate
cand_1127,arch_019,Cybersecurity Analyst,0.364,0.749,0.299,0.529,0.57,0.0,0.636,2.0,2.5,-0.5,4,7,0.354,moderate
cand_1128,arch_019,Cybersecurity Analyst,0.364,0.717,0.279,0.577,0.581,0.0,0.636,3.6,2.5,1.1,4,7,0.354,moderate
cand_1129,arch_019,Cloud Security Engineer,0.308,0.712,0.328,0.498,0.534,0.0,0.692,2.2,4.0,-1.8,4,9,0.469,low
cand_1130,arch_019,Cloud Security Engineer,0.308,0.712,0.304,0.463,0.603,0.0,0.692,1.9,4.0,-2.1,4,9,0.469,low
cand_1131,arch_019,Cloud Security Engineer,0.231,0.789,0.271,0.467,0.48,0.0,0.769,2.3,4.0,-1.7,3,10,0.542,low
cand_1132,arch_019,QA Automation Engineer,0.5,0.698,0.601,0.47,0.586,0.0,0.5,2.2,2.5,-0.3,6,6,0.312,moderate
cand_1133,arch_019,QA Automation Engineer,0.5,0.672,0.603,0.515,0.6,0.0,0.5,3.2,2.5,0.7,6,6,0.312,moderate
cand_1134,arch_019,QA Automation Engineer,0.5,0.702,0.64,0.531,0.61,0.0,0.5,2.9,2.5,0.4,6,6,0.312,moderate
cand_1135,arch_019,Mobile Developer (React Native / Flutter),0.182,0.715,0.269,0.529,0.596,0.0,0.818,2.2,2.5,-0.3,2,9,0.469,low
cand_1136,arch_019,Mobile Developer (React Native / Flutter),0.182,0.71,0.28,0.552,0.559,0.0,0.818,2.0,2.5,-0.5,2,9,0.469,low
cand_1137,arch_019,Mobile Developer (React Native / Flutter),0.182,0.722,0.28,0.562,0.594,0.0,0.818,3.0,2.5,0.5,2,9,0.469,low
cand_1138,arch_019,Solutions Architect,0.429,0.771,0.284,0.494,0.535,0.0,0.571,2.2,6.5,-4.3,6,8,0.458,low
cand_1139,arch_019,Solutions Architect,0.429,0.697,0.304,0.471,0.599,0.0,0.571,3.4,6.5,-3.1,6,8,0.458,low
cand_1140,arch_019,Solutions Architect,0.429,0.678,0.31,0.517,0.548,0.0,0.571,1.6,6.5,-4.9,6,8,0.458,low
cand_1141,arch_020,Java Backend Developer,0.538,0.765,0.295,0.496,0.953,0.667,0.462,6.5,3.0,3.5,7,6,0.375,moderate
cand_1142,arch_020,Java Backend Developer,0.538,0.694,0.27,0.535,0.925,0.667,0.462,6.8,3.0,3.8,7,6,0.375,moderate
cand_1143,arch_020,Java Backend Developer,0.538,0.745,0.282,0.482,0.857,0.667,0.462,7.7,3.0,4.7,7,6,0.375,moderate
cand_1144,arch_020,Python Developer,0.583,0.749,0.312,0.573,0.91,0.333,0.417,6.5,2.5,4.0,7,5,0.302,high
cand_1145,arch_020,Python Developer,0.583,0.772,0.321,0.572,0.947,0.333,0.417,7.1,2.5,4.6,7,5,0.302,high
cand_1146,arch_020,Python Developer,0.5,0.688,0.245,0.542,0.841,0.333,0.5,5.9,2.5,3.4,6,6,0.375,moderate
cand_1147,arch_020,Full Stack Developer,0.286,0.722,0.262,0.56,0.894,0.0,0.714,6.5,3.0,3.5,4,10,0.573,moderate
cand_1148,arch_020,Full Stack Developer,0.286,0.769,0.295,0.491,0.937,0.0,0.714,6.4,3.0,3.4,4,10,0.573,moderate
cand_1149,arch_020,Full Stack Developer,0.286,0.673,0.31,0.497,0.856,0.0,0.714,6.8,3.0,3.8,4,10,0.573,moderate
cand_1150,arch_020,Frontend Developer,0.091,0.789,0.612,0.569,0.905,0.0,0.909,6.5,2.0,4.5,1,10,0.573,low
cand_1151,arch_020,Frontend Developer,0.182,0.749,0.588,0.562,1.0,0.0,0.818,6.5,2.0,4.5,2,9,0.531,low
cand_1152,arch_020,Frontend Developer,0.091,0.708,0.6,0.468,0.894,0.0,0.909,7.0,2.0,5.0,1,10,0.573,low
cand_1153,arch_020,Backend Developer,0.538,0.778,0.297,0.566,0.92,0.667,0.462,6.5,3.0,3.5,7,6,0.344,moderate
cand_1154,arch_020,Backend Developer,0.538,0.698,0.287,0.52,0.898,0.667,0.462,7.4,3.0,4.4,7,6,0.344,moderate
cand_1155,arch_020,Backend Developer,0.538,0.763,0.283,0.52,0.896,0.667,0.462,7.4,3.0,4.4,7,6,0.344,moderate
cand_1156,arch_020,Data Analyst,0.222,0.742,0.647,0.818,0.955,0.0,0.778,6.5,2.0,4.5,2,7,0.417,low
cand_1157,arch_020,Data Analyst,0.222,0.759,0.664,0.806,0.897,0.0,0.778,7.3,2.0,5.3,2,7,0.417,low
cand_1158,arch_020,Data Analyst,0.222,0.719,0.656,0.787,0.931,0.0,0.778,6.3,2.0,4.3,2,7,0.417,low
cand_1159,arch_020,Data Scientist,0.333,0.884,0.241,0.525,0.927,0.0,0.667,6.5,4.0,2.5,4,8,0.427,moderate
cand_1160,arch_020,Data Scientist,0.417,0.912,0.266,0.546,1.0,0.333,0.583,6.5,4.0,2.5,5,7,0.385,moderate
cand_1161,arch_020,Data Scientist,0.333,0.873,0.314,0.539,0.964,0.0,0.667,5.8,4.0,1.8,4,8,0.427,moderate
cand_1162,arch_020,Machine Learning Engineer,0.4,0.883,0.309,0.489,0.933,0.0,0.6,6.5,4.0,2.5,6,9,0.469,moderate
cand_1163,arch_020,Machine Learning Engineer,0.4,0.844,0.311,0.475,0.958,0.0,0.6,6.6,4.0,2.6,6,9,0.469,moderate
cand_1164,arch_020,Machine Learning Engineer,0.4,0.909,0.269,0.577,0.909,0.0,0.6,7.9,4.0,3.9,6,9,0.469,moderate
cand_1165,arch_020,AI Engineer,0.308,0.811,0.312,0.488,0.905,0.0,0.692,6.5,3.5,3.0,4,9,0.469,moderate
cand_1166,arch_020,AI Engineer,0.308,0.876,0.318,0.552,0.921,0.0,0.692,7.5,3.5,4.0,4,9,0.469,moderate
cand_1167,arch_020,AI Engineer,0.308,0.899,0.324,0.517,0.922,0.0,0.692,5.8,3.5,2.3,4,9,0.469,moderate
cand_1168,arch_020,MLOps Engineer,0.533,0.901,0.302,0.565,0.954,0.0,0.467,6.5,4.5,2.0,8,7,0.323,moderate
cand_1169,arch_020,MLOps Engineer,0.533,0.861,0.265,0.532,0.954,0.0,0.467,7.4,4.5,2.9,8,7,0.323,moderate
cand_1170,arch_020,MLOps Engineer,0.533,0.803,0.235,0.537,0.939,0.0,0.467,7.6,4.5,3.1,8,7,0.323,moderate
cand_1171,arch_020,Data Engineer,0.714,0.765,0.244,0.828,0.939,0.25,0.286,6.5,3.5,3.0,10,4,0.167,high
cand_1172,arch_020,Data Engineer,0.786,0.7,0.301,0.872,1.0,0.25,0.214,6.6,3.5,3.1,11,3,0.125,high
cand_1173,arch_020,Data Engineer,0.714,0.719,0.324,0.834,0.958,0.25,0.286,6.0,3.5,2.5,10,4,0.167,high
cand_1174,arch_020,DevOps Engineer,0.571,0.816,0.247,0.531,0.915,0.0,0.429,6.5,3.5,3.0,8,6,0.281,high
cand_1175,arch_020,DevOps Engineer,0.571,0.822,0.318,0.573,0.959,0.0,0.429,6.6,3.5,3.1,8,6,0.281,high
cand_1176,arch_020,DevOps Engineer,0.571,0.911,0.295,0.535,0.961,0.0,0.429,6.3,3.5,2.8,8,6,0.281,high
cand_1177,arch_020,Cloud Engineer,0.5,0.917,0.25,0.544,0.902,0.0,0.5,6.5,3.0,3.5,7,7,0.354,moderate
cand_1178,arch_020,Cloud Engineer,0.5,0.831,0.239,0.504,0.964,0.0,0.5,6.7,3.0,3.7,7,7,0.354,moderate
cand_1179,arch_020,Cloud Engineer,0.5,0.852,0.322,0.514,0.942,0.0,0.5,6.0,3.0,3.0,7,7,0.354,moderate
cand_1180,arch_020,Platform Engineer,0.5,0.814,0.301,0.483,0.958,0.0,0.5,6.5,4.5,2.0,7,7,0.354,moderate
cand_1181,arch_020,Platform Engineer,0.5,0.846,0.273,0.485,0.906,0.0,0.5,7.4,4.5,2.9,7,7,0.354,moderate
cand_1182,arch_020,Platform Engineer,0.5,0.823,0.248,0.555,0.891,0.0,0.5,7.8,4.5,3.3,7,7,0.354,moderate
cand_1183,arch_020,Site Reliability Engineer (SRE),0.5,0.917,0.254,0.514,0.908,0.0,0.5,6.5,4.0,2.5,7,7,0.323,moderate
cand_1184,arch_020,Site Reliability Engineer (SRE),0.5,0.81,0.277,0.565,0.967,0.0,0.5,7.0,4.0,3.0,7,7,0.323,moderate
cand_1185,arch_020,Site Reliability Engineer (SRE),0.429,0.885,0.304,0.491,0.825,0.0,0.571,6.7,4.0,2.7,6,8,0.396,moderate
cand_1186,arch_020,Cybersecurity Analyst,0.364,0.677,0.263,0.488,0.961,0.0,0.636,6.5,2.5,4.0,4,7,0.354,moderate
cand_1187,arch_020,Cybersecurity Analyst,0.364,0.786,0.29,0.55,0.892,0.0,0.636,7.7,2.5,5.2,4,7,0.354,moderate
cand_1188,arch_020,Cybersecurity Analyst,0.364,0.706,0.269,0.505,0.966,0.0,0.636,6.4,2.5,3.9,4,7,0.354,moderate
cand_1189,arch_020,Cloud Security Engineer,0.462,0.737,0.288,0.491,0.929,0.0,0.538,6.5,4.0,2.5,6,7,0.354,moderate
cand_1190,arch_020,Cloud Security Engineer,0.462,0.686,0.262,0.524,0.9,0.0,0.538,7.6,4.0,3.6,6,7,0.354,moderate
cand_1191,arch_020,Cloud Security Engineer,0.385,0.73,0.327,0.494,0.846,0.0,0.615,6.0,4.0,2.0,5,8,0.427,moderate
cand_1192,arch_020,QA Automation Engineer,0.417,0.722,0.66,0.492,0.955,0.0,0.583,6.5,2.5,4.0,5,7,0.385,moderate
cand_1193,arch_020,QA Automation Engineer,0.417,0.722,0.586,0.548,0.928,0.0,0.583,7.6,2.5,5.1,5,7,0.385,moderate
cand_1194,arch_020,QA Automation Engineer,0.417,0.781,0.634,0.513,0.904,0.0,0.583,8.2,2.5,5.7,5,7,0.385,moderate
cand_1195,arch_020,Mobile Developer (React Native / Flutter),0.091,0.677,0.248,0.516,0.902,0.0,0.909,6.5,2.5,4.0,1,10,0.542,low
cand_1196,arch_020,Mobile Developer (React Native / Flutter),0.182,0.675,0.266,0.545,0.999,0.0,0.818,6.8,2.5,4.3,2,9,0.5,low
cand_1197,arch_020,Mobile Developer (React Native / Flutter),0.091,0.774,0.242,0.471,0.958,0.0,0.909,7.0,2.5,4.5,1,10,0.542,low
cand_1198,arch_020,Solutions Architect,0.571,0.692,0.247,0.521,0.91,0.0,0.429,6.5,6.5,0.0,8,6,0.344,moderate
cand_1199,arch_020,Solutions Architect,0.571,0.74,0.327,0.523,0.934,0.0,0.429,7.5,6.5,1.0,8,6,0.344,moderate
cand_1200,arch_020,Solutions Architect,0.5,0.73,0.239,0.499,0.84,0.0,0.5,6.8,6.5,0.3,7,7,0.385,moderate
cand_1201,arch_021,Java Backend Developer,0.231,0.788,0.242,0.505,0.534,0.0,0.769,3.8,3.0,0.8,3,10,0.573,low
cand_1202,arch_021,Java Backend Developer,0.308,0.68,0.313,0.539,0.568,0.333,0.692,3.6,3.0,0.6,4,9,0.531,moderate
cand_1203,arch_021,Java Backend Developer,0.231,0.671,0.327,0.539,0.536,0.0,0.769,5.5,3.0,2.5,3,10,0.573,low
cand_1204,arch_021,Python Developer,0.25,0.709,0.303,0.548,0.537,0.0,0.75,3.8,2.5,1.3,3,9,0.531,low
cand_1205,arch_021,Python Developer,0.333,0.766,0.258,0.556,0.591,0.333,0.667,4.3,2.5,1.8,4,8,0.49,moderate
cand_1206,arch_021,Python Developer,0.25,0.681,0.256,0.489,0.522,0.0,0.75,4.4,2.5,1.9,3,9,0.531,low
cand_1207,arch_021,Full Stack Developer,0.143,0.718,0.232,0.485,0.491,0.0,0.857,3.8,3.0,0.8,2,12,0.688,low
cand_1208,arch_021,Full Stack Developer,0.143,0.785,0.245,0.496,0.524,0.0,0.857,4.0,3.0,1.0,2,12,0.688,low
cand_1209,arch_021,Full Stack Developer,0.143,0.778,0.29,0.503,0.468,0.0,0.857,4.9,3.0,1.9,2,12,0.688,low
cand_1210,arch_021,Frontend Developer,0.091,0.714,0.59,0.513,0.491,0.0,0.909,3.8,2.0,1.8,1,10,0.573,low
cand_1211,arch_021,Frontend Developer,0.091,0.681,0.612,0.504,0.475,0.0,0.909,3.8,2.0,1.8,1,10,0.573,low
cand_1212,arch_021,Frontend Developer,0.0,0.711,0.616,0.487,0.443,0.0,1.0,4.6,2.0,2.6,0,11,0.615,low
cand_1213,arch_021,Backend Developer,0.077,0.689,0.28,0.536,0.502,0.0,0.923,3.8,3.0,0.8,1,12,0.688,low
cand_1214,arch_021,Backend Developer,0.077,0.779,0.278,0.478,0.47,0.0,0.923,3.9,3.0,0.9,1,12,0.688,low
cand_1215,arch_021,Backend Developer,0.077,0.733,0.26,0.466,0.466,0.0,0.923,5.3,3.0,2.3,1,12,0.688,low
cand_1216,arch_021,Data Analyst,0.111,0.675,0.581,0.511,0.468,0.0,0.889,3.8,2.0,1.8,1,8,0.458,low
cand_1217,arch_021,Data Analyst,0.111,0.7,0.595,0.47,0.5,0.0,0.889,4.5,2.0,2.5,1,8,0.458,low
cand_1218,arch_021,Data Analyst,0.111,0.692,0.588,0.507,0.467,0.0,0.889,3.3,2.0,1.3,1,8,0.458,low
cand_1219,arch_021,Data Scientist,0.167,0.905,0.26,0.53,0.496,0.0,0.833,3.8,4.0,-0.2,2,10,0.573,low
cand_1220,arch_021,Data Scientist,0.167,0.832,0.327,0.565,0.475,0.0,0.833,4.5,4.0,0.5,2,10,0.573,low
cand_1221,arch_021,Data Scientist,0.167,0.872,0.317,0.473,0.503,0.0,0.833,3.5,4.0,-0.5,2,10,0.573,low
cand_1222,arch_021,Machine Learning Engineer,0.2,0.801,0.242,0.481,0.498,0.0,0.8,3.8,4.0,-0.2,3,12,0.656,low
cand_1223,arch_021,Machine Learning Engineer,0.2,0.916,0.29,0.518,0.509,0.0,0.8,4.5,4.0,0.5,3,12,0.656,low
cand_1224,arch_021,Machine Learning Engineer,0.2,0.881,0.299,0.507,0.484,0.0,0.8,5.5,4.0,1.5,3,12,0.656,low
cand_1225,arch_021,AI Engineer,0.154,0.815,0.231,0.473,0.461,0.0,0.846,3.8,3.5,0.3,2,11,0.615,low
cand_1226,arch_021,AI Engineer,0.154,0.825,0.295,0.538,0.495,0.0,0.846,5.0,3.5,1.5,2,11,0.615,low
cand_1227,arch_021,AI Engineer,0.154,0.823,0.26,0.516,0.498,0.0,0.846,4.6,3.5,1.1,2,11,0.615,low
cand_1228,arch_021,MLOps Engineer,0.2,0.803,0.247,0.798,0.516,0.0,0.8,3.8,4.5,-0.7,3,12,0.594,low
cand_1229,arch_021,MLOps Engineer,0.2,0.903,0.289,0.804,0.506,0.0,0.8,4.9,4.5,0.4,3,12,0.594,low
cand_1230,arch_021,MLOps Engineer,0.2,0.812,0.315,0.832,0.422,0.0,0.8,5.2,4.5,0.7,3,12,0.594,low
cand_1231,arch_021,Data Engineer,0.214,0.729,0.288,0.548,0.54,0.0,0.786,3.8,3.5,0.3,3,11,0.583,low
cand_1232,arch_021,Data Engineer,0.214,0.698,0.236,0.462,0.506,0.0,0.786,3.5,3.5,0.0,3,11,0.583,low
cand_1233,arch_021,Data Engineer,0.214,0.748,0.319,0.474,0.51,0.0,0.786,4.4,3.5,0.9,3,11,0.583,low
cand_1234,arch_021,DevOps Engineer,0.286,0.878,0.275,0.832,0.473,0.0,0.714,3.8,3.5,0.3,4,10,0.51,moderate
cand_1235,arch_021,DevOps Engineer,0.286,0.853,0.281,0.851,0.515,0.0,0.714,4.6,3.5,1.1,4,10,0.51,moderate
cand_1236,arch_021,DevOps Engineer,0.286,0.886,0.277,0.886,0.518,0.0,0.714,5.4,3.5,1.9,4,10,0.51,moderate
cand_1237,arch_021,Cloud Engineer,0.214,0.847,0.272,0.893,0.512,0.0,0.786,3.8,3.0,0.8,3,11,0.552,low
cand_1238,arch_021,Cloud Engineer,0.214,0.917,0.246,0.805,0.515,0.0,0.786,4.0,3.0,1.0,3,11,0.552,low
cand_1239,arch_021,Cloud Engineer,0.214,0.821,0.246,0.839,0.523,0.0,0.786,3.2,3.0,0.2,3,11,0.552,low
cand_1240,arch_021,Platform Engineer,0.214,0.913,0.279,0.808,0.505,0.0,0.786,3.8,4.5,-0.7,3,11,0.583,low
cand_1241,arch_021,Platform Engineer,0.286,0.843,0.246,0.879,0.603,0.333,0.714,5.0,4.5,0.5,4,10,0.542,moderate
cand_1242,arch_021,Platform Engineer,0.143,0.814,0.253,0.847,0.427,0.0,0.857,3.1,4.5,-1.4,2,12,0.656,low
cand_1243,arch_021,Site Reliability Engineer (SRE),0.214,0.919,0.308,0.872,0.522,0.0,0.786,3.8,4.0,-0.2,3,11,0.583,low
cand_1244,arch_021,Site Reliability Engineer (SRE),0.214,0.902,0.317,0.853,0.468,0.0,0.786,4.3,4.0,0.3,3,11,0.583,low
cand_1245,arch_021,Site Reliability Engineer (SRE),0.214,0.896,0.326,0.871,0.538,0.0,0.786,3.1,4.0,-0.9,3,11,0.583,low
cand_1246,arch_021,Cybersecurity Analyst,0.455,0.764,0.291,0.563,0.468,0.0,0.545,3.8,2.5,1.3,5,6,0.281,moderate
cand_1247,arch_021,Cybersecurity Analyst,0.455,0.69,0.242,0.485,0.489,0.0,0.545,4.3,2.5,1.8,5,6,0.281,moderate
cand_1248,arch_021,Cybersecurity Analyst,0.455,0.761,0.28,0.564,0.472,0.0,0.545,4.9,2.5,2.4,5,6,0.281,moderate
cand_1249,arch_021,Cloud Security Engineer,0.308,0.714,0.312,0.475,0.476,0.0,0.692,3.8,4.0,-0.2,4,9,0.438,low
cand_1250,arch_021,Cloud Security Engineer,0.308,0.671,0.313,0.517,0.483,0.0,0.692,5.0,4.0,1.0,4,9,0.438,moderate
cand_1251,arch_021,Cloud Security Engineer,0.308,0.756,0.272,0.536,0.48,0.0,0.692,3.4,4.0,-0.6,4,9,0.438,low
cand_1252,arch_021,QA Automation Engineer,0.25,0.76,0.623,0.554,0.471,0.0,0.75,3.8,2.5,1.3,3,9,0.5,low
cand_1253,arch_021,QA Automation Engineer,0.25,0.778,0.665,0.522,0.515,0.0,0.75,4.1,2.5,1.6,3,9,0.5,low
cand_1254,arch_021,QA Automation Engineer,0.25,0.762,0.642,0.522,0.466,0.0,0.75,5.5,2.5,3.0,3,9,0.5,low
cand_1255,arch_021,Mobile Developer (React Native / Flutter),0.091,0.711,0.27,0.553,0.495,0.0,0.909,3.8,2.5,1.3,1,10,0.542,low
cand_1256,arch_021,Mobile Developer (React Native / Flutter),0.182,0.688,0.287,0.577,0.61,0.333,0.818,4.0,2.5,1.5,2,9,0.5,low
cand_1257,arch_021,Mobile Developer (React Native / Flutter),0.091,0.787,0.272,0.566,0.516,0.0,0.909,5.1,2.5,2.6,1,10,0.542,low
cand_1258,arch_021,Solutions Architect,0.143,0.775,0.302,0.498,0.488,0.0,0.857,3.8,6.5,-2.7,2,12,0.688,low
cand_1259,arch_021,Solutions Architect,0.143,0.743,0.245,0.508,0.512,0.0,0.857,4.7,6.5,-1.8,2,12,0.688,low
cand_1260,arch_021,Solutions Architect,0.143,0.744,0.274,0.501,0.525,0.0,0.857,5.3,6.5,-1.2,2,12,0.688,low
cand_1261,arch_022,Java Backend Developer,0.615,0.748,0.308,0.566,0.681,0.667,0.385,4.5,3.0,1.5,8,5,0.333,moderate
cand_1262,arch_022,Java Backend Developer,0.615,0.732,0.284,0.486,0.715,0.667,0.385,5.0,3.0,2.0,8,5,0.333,moderate
cand_1263,arch_022,Java Backend Developer,0.615,0.746,0.232,0.567,0.717,0.667,0.385,4.5,3.0,1.5,8,5,0.333,moderate
cand_1264,arch_022,Python Developer,0.583,0.701,0.313,0.496,0.708,0.333,0.417,4.5,2.5,2.0,7,5,0.302,moderate
cand_1265,arch_022,Python Developer,0.583,0.771,0.256,0.521,0.684,0.333,0.417,4.9,2.5,2.4,7,5,0.302,moderate
cand_1266,arch_022,Python Developer,0.583,0.724,0.287,0.461,0.701,0.333,0.417,5.7,2.5,3.2,7,5,0.302,moderate
cand_1267,arch_022,Full Stack Developer,0.286,0.698,0.305,0.53,0.731,0.0,0.714,4.5,3.0,1.5,4,10,0.573,moderate
cand_1268,arch_022,Full Stack Developer,0.286,0.771,0.253,0.496,0.728,0.0,0.714,5.6,3.0,2.6,4,10,0.573,moderate
cand_1269,arch_022,Full Stack Developer,0.286,0.687,0.268,0.549,0.683,0.0,0.714,5.8,3.0,2.8,4,10,0.573,moderate
cand_1270,arch_022,Frontend Developer,0.182,0.732,0.589,0.553,0.711,0.0,0.818,4.5,2.0,2.5,2,9,0.5,low
cand_1271,arch_022,Frontend Developer,0.182,0.719,0.579,0.511,0.685,0.0,0.818,4.3,2.0,2.3,2,9,0.5,low
cand_1272,arch_022,Frontend Developer,0.091,0.718,0.626,0.553,0.673,0.0,0.909,4.3,2.0,2.3,1,10,0.542,low
cand_1273,arch_022,Backend Developer,0.462,0.74,0.294,0.58,0.729,0.667,0.538,4.5,3.0,1.5,6,7,0.417,moderate
cand_1274,arch_022,Backend Developer,0.462,0.72,0.246,0.521,0.713,0.667,0.538,5.6,3.0,2.6,6,7,0.417,moderate
cand_1275,arch_022,Backend Developer,0.462,0.732,0.283,0.543,0.711,0.667,0.538,4.9,3.0,1.9,6,7,0.417,moderate
cand_1276,arch_022,Data Analyst,0.111,0.674,0.586,0.527,0.748,0.0,0.889,4.5,2.0,2.5,1,8,0.49,low
cand_1277,arch_022,Data Analyst,0.111,0.683,0.607,0.495,0.716,0.0,0.889,4.3,2.0,2.3,1,8,0.49,low
cand_1278,arch_022,Data Analyst,0.111,0.715,0.599,0.463,0.686,0.0,0.889,4.0,2.0,2.0,1,8,0.49,low
cand_1279,arch_022,Data Scientist,0.25,0.894,0.272,0.572,0.699,0.0,0.75,4.5,4.0,0.5,3,9,0.5,low
cand_1280,arch_022,Data Scientist,0.333,0.859,0.242,0.502,0.815,0.333,0.667,4.6,4.0,0.6,4,8,0.458,moderate
cand_1281,arch_022,Data Scientist,0.25,0.868,0.32,0.554,0.712,0.0,0.75,4.8,4.0,0.8,3,9,0.5,low
cand_1282,arch_022,Machine Learning Engineer,0.4,0.886,0.291,0.551,0.715,0.0,0.6,4.5,4.0,0.5,6,9,0.469,moderate
cand_1283,arch_022,Machine Learning Engineer,0.4,0.854,0.317,0.499,0.738,0.0,0.6,4.8,4.0,0.8,6,9,0.469,moderate
cand_1284,arch_022,Machine Learning Engineer,0.4,0.828,0.27,0.525,0.751,0.0,0.6,5.4,4.0,1.4,6,9,0.469,moderate
cand_1285,arch_022,AI Engineer,0.308,0.907,0.304,0.538,0.744,0.0,0.692,4.5,3.5,1.0,4,9,0.469,moderate
cand_1286,arch_022,AI Engineer,0.308,0.896,0.301,0.527,0.684,0.0,0.692,5.2,3.5,1.7,4,9,0.469,moderate
cand_1287,arch_022,AI Engineer,0.308,0.865,0.306,0.575,0.645,0.0,0.692,5.2,3.5,1.7,4,9,0.469,moderate
cand_1288,arch_022,MLOps Engineer,0.533,0.89,0.28,0.782,0.727,0.0,0.467,4.5,4.5,0.0,8,7,0.292,moderate
cand_1289,arch_022,MLOps Engineer,0.533,0.833,0.251,0.88,0.741,0.0,0.467,5.0,4.5,0.5,8,7,0.292,high
cand_1290,arch_022,MLOps Engineer,0.467,0.873,0.27,0.785,0.672,0.0,0.533,5.2,4.5,0.7,7,8,0.365,moderate
cand_1291,arch_022,Data Engineer,0.429,0.673,0.274,0.51,0.743,0.0,0.571,4.5,3.5,1.0,6,8,0.396,moderate
cand_1292,arch_022,Data Engineer,0.5,0.788,0.284,0.494,0.76,0.25,0.5,4.6,3.5,1.1,7,7,0.354,moderate
cand_1293,arch_022,Data Engineer,0.429,0.751,0.236,0.575,0.617,0.0,0.571,5.7,3.5,2.2,6,8,0.396,moderate
cand_1294,arch_022,DevOps Engineer,0.643,0.886,0.26,0.792,0.686,0.0,0.357,4.5,3.5,1.0,9,5,0.208,high
cand_1295,arch_022,DevOps Engineer,0.643,0.806,0.254,0.852,0.693,0.0,0.357,5.5,3.5,2.0,9,5,0.208,high
cand_1296,arch_022,DevOps Engineer,0.643,0.914,0.257,0.818,0.719,0.0,0.357,5.0,3.5,1.5,9,5,0.208,high
cand_1297,arch_022,Cloud Engineer,0.643,0.808,0.233,0.856,0.747,0.333,0.357,4.5,3.0,1.5,9,5,0.208,high
cand_1298,arch_022,Cloud Engineer,0.643,0.87,0.24,0.872,0.726,0.333,0.357,4.1,3.0,1.1,9,5,0.208,high
cand_1299,arch_022,Cloud Engineer,0.643,0.854,0.315,0.84,0.737,0.333,0.357,4.0,3.0,1.0,9,5,0.208,high
cand_1300,arch_022,Platform Engineer,0.571,0.817,0.284,0.8,0.694,0.0,0.429,4.5,4.5,0.0,8,6,0.312,moderate
cand_1301,arch_022,Platform Engineer,0.571,0.867,0.234,0.878,0.751,0.0,0.429,5.6,4.5,1.1,8,6,0.312,high
cand_1302,arch_022,Platform Engineer,0.571,0.82,0.236,0.891,0.696,0.0,0.429,5.3,4.5,0.8,8,6,0.312,high
cand_1303,arch_022,Site Reliability Engineer (SRE),0.5,0.83,0.298,0.9,0.742,0.0,0.5,4.5,4.0,0.5,7,7,0.323,moderate
cand_1304,arch_022,Site Reliability Engineer (SRE),0.5,0.834,0.246,0.844,0.68,0.0,0.5,4.4,4.0,0.4,7,7,0.323,moderate
cand_1305,arch_022,Site Reliability Engineer (SRE),0.5,0.9,0.303,0.9,0.745,0.0,0.5,3.9,4.0,-0.1,7,7,0.323,moderate
cand_1306,arch_022,Cybersecurity Analyst,0.273,0.695,0.28,0.556,0.745,0.0,0.727,4.5,2.5,2.0,3,8,0.427,low
cand_1307,arch_022,Cybersecurity Analyst,0.273,0.788,0.301,0.493,0.727,0.0,0.727,5.6,2.5,3.1,3,8,0.427,low
cand_1308,arch_022,Cybersecurity Analyst,0.182,0.709,0.321,0.476,0.677,0.0,0.818,4.5,2.5,2.0,2,9,0.5,low
cand_1309,arch_022,Cloud Security Engineer,0.615,0.743,0.23,0.461,0.688,0.0,0.385,4.5,4.0,0.5,8,5,0.24,moderate
cand_1310,arch_022,Cloud Security Engineer,0.615,0.729,0.269,0.47,0.744,0.0,0.385,5.0,4.0,1.0,8,5,0.24,moderate
cand_1311,arch_022,Cloud Security Engineer,0.615,0.777,0.312,0.513,0.684,0.0,0.385,5.4,4.0,1.4,8,5,0.24,moderate
cand_1312,arch_022,QA Automation Engineer,0.5,0.787,0.608,0.532,0.705,0.0,0.5,4.5,2.5,2.0,6,6,0.312,moderate
cand_1313,arch_022,QA Automation Engineer,0.5,0.788,0.582,0.504,0.69,0.0,0.5,5.4,2.5,2.9,6,6,0.312,moderate
cand_1314,arch_022,QA Automation Engineer,0.5,0.761,0.638,0.545,0.69,0.0,0.5,3.7,2.5,1.2,6,6,0.312,moderate
cand_1315,arch_022,Mobile Developer (React Native / Flutter),0.182,0.768,0.293,0.557,0.692,0.0,0.818,4.5,2.5,2.0,2,9,0.469,low
cand_1316,arch_022,Mobile Developer (React Native / Flutter),0.182,0.674,0.279,0.544,0.723,0.0,0.818,5.7,2.5,3.2,2,9,0.469,low
cand_1317,arch_022,Mobile Developer (React Native / Flutter),0.182,0.747,0.241,0.493,0.714,0.0,0.818,3.7,2.5,1.2,2,9,0.469,low
cand_1318,arch_022,Solutions Architect,0.5,0.69,0.249,0.549,0.728,0.0,0.5,4.5,6.5,-2.0,7,7,0.417,moderate
cand_1319,arch_022,Solutions Architect,0.5,0.76,0.243,0.572,0.743,0.0,0.5,5.1,6.5,-1.4,7,7,0.417,moderate
cand_1320,arch_022,Solutions Architect,0.5,0.703,0.315,0.463,0.752,0.0,0.5,6.0,6.5,-0.5,7,7,0.417,moderate
cand_1321,arch_023,Java Backend Developer,0.538,0.751,0.291,0.542,0.959,0.667,0.462,7.5,3.0,4.5,7,6,0.375,moderate
cand_1322,arch_023,Java Backend Developer,0.538,0.751,0.295,0.562,0.914,0.667,0.462,7.1,3.0,4.1,7,6,0.375,moderate
cand_1323,arch_023,Java Backend Developer,0.538,0.685,0.282,0.519,0.93,0.667,0.462,8.9,3.0,5.9,7,6,0.375,moderate
cand_1324,arch_023,Python Developer,0.417,0.675,0.302,0.466,0.962,0.333,0.583,7.5,2.5,5.0,5,7,0.417,moderate
cand_1325,arch_023,Python Developer,0.417,0.693,0.238,0.529,0.891,0.333,0.583,8.0,2.5,5.5,5,7,0.417,moderate
cand_1326,arch_023,Python Developer,0.417,0.721,0.237,0.49,0.902,0.333,0.583,8.6,2.5,6.1,5,7,0.417,moderate
cand_1327,arch_023,Full Stack Developer,0.143,0.707,0.293,0.472,0.927,0.0,0.857,7.5,3.0,4.5,2,12,0.688,low
cand_1328,arch_023,Full Stack Developer,0.143,0.745,0.263,0.49,0.897,0.0,0.857,8.4,3.0,5.4,2,12,0.688,low
cand_1329,arch_023,Full Stack Developer,0.143,0.677,0.263,0.555,0.964,0.0,0.857,7.3,3.0,4.3,2,12,0.688,low
cand_1330,arch_023,Frontend Developer,0.091,0.763,0.632,0.552,0.939,0.0,0.909,7.5,2.0,5.5,1,10,0.573,low
cand_1331,arch_023,Frontend Developer,0.182,0.78,0.608,0.567,1.0,0.5,0.818,8.0,2.0,6.0,2,9,0.531,low
cand_1332,arch_023,Frontend Developer,0.091,0.723,0.6,0.535,0.822,0.0,0.909,8.7,2.0,6.7,1,10,0.573,low
cand_1333,arch_023,Backend Developer,0.538,0.751,0.286,0.495,0.919,0.667,0.462,7.5,3.0,4.5,7,6,0.344,moderate
cand_1334,arch_023,Backend Developer,0.538,0.698,0.29,0.539,0.889,0.667,0.462,7.3,3.0,4.3,7,6,0.344,moderate
cand_1335,arch_023,Backend Developer,0.538,0.776,0.292,0.501,0.964,0.667,0.462,7.7,3.0,4.7,7,6,0.344,moderate
cand_1336,arch_023,Data Analyst,0.111,0.764,0.615,0.499,0.904,0.0,0.889,7.5,2.0,5.5,1,8,0.49,low
cand_1337,arch_023,Data Analyst,0.111,0.678,0.649,0.483,0.934,0.0,0.889,7.3,2.0,5.3,1,8,0.49,low
cand_1338,arch_023,Data Analyst,0.111,0.721,0.642,0.513,0.908,0.0,0.889,8.4,2.0,6.4,1,8,0.49,low
cand_1339,arch_023,Data Scientist,0.25,0.896,0.236,0.497,0.923,0.0,0.75,7.5,4.0,3.5,3,9,0.5,low
cand_1340,arch_023,Data Scientist,0.25,0.837,0.319,0.553,0.9,0.0,0.75,8.6,4.0,4.6,3,9,0.5,low
cand_1341,arch_023,Data Scientist,0.25,0.844,0.231,0.53,0.943,0.0,0.75,7.5,4.0,3.5,3,9,0.5,low
cand_1342,arch_023,Machine Learning Engineer,0.333,0.807,0.281,0.56,0.957,0.0,0.667,7.5,4.0,3.5,5,10,0.542,moderate
cand_1343,arch_023,Machine Learning Engineer,0.333,0.877,0.25,0.468,0.904,0.0,0.667,7.8,4.0,3.8,5,10,0.542,moderate
cand_1344,arch_023,Machine Learning Engineer,0.333,0.856,0.299,0.562,0.934,0.0,0.667,7.9,4.0,3.9,5,10,0.542,moderate
cand_1345,arch_023,AI Engineer,0.231,0.84,0.26,0.499,0.897,0.0,0.769,7.5,3.5,4.0,3,10,0.542,low
cand_1346,arch_023,AI Engineer,0.231,0.86,0.322,0.537,0.944,0.0,0.769,8.5,3.5,5.0,3,10,0.542,low
cand_1347,arch_023,AI Engineer,0.231,0.888,0.325,0.5,0.876,0.0,0.769,7.9,3.5,4.4,3,10,0.542,low
cand_1348,arch_023,MLOps Engineer,0.533,0.825,0.248,0.899,0.918,0.0,0.467,7.5,4.5,3.0,8,7,0.292,high
cand_1349,arch_023,MLOps Engineer,0.533,0.817,0.274,0.856,0.962,0.0,0.467,7.2,4.5,2.7,8,7,0.292,high
cand_1350,arch_023,MLOps Engineer,0.533,0.824,0.258,0.806,0.91,0.0,0.467,7.6,4.5,3.1,8,7,0.292,high
cand_1351,arch_023,Data Engineer,0.286,0.691,0.315,0.49,0.904,0.0,0.714,7.5,3.5,4.0,4,10,0.51,moderate
cand_1352,arch_023,Data Engineer,0.357,0.673,0.298,0.505,1.0,0.25,0.643,7.4,3.5,3.9,5,9,0.469,moderate
cand_1353,arch_023,Data Engineer,0.286,0.707,0.254,0.557,0.941,0.0,0.714,7.0,3.5,3.5,4,10,0.51,moderate
cand_1354,arch_023,DevOps Engineer,0.643,0.913,0.328,0.9,0.959,0.0,0.357,7.5,3.5,4.0,9,5,0.208,high
cand_1355,arch_023,DevOps Engineer,0.714,0.906,0.243,0.803,1.0,0.0,0.286,8.5,3.5,5.0,10,4,0.167,high
cand_1356,arch_023,DevOps Engineer,0.643,0.852,0.294,0.891,0.95,0.0,0.357,8.5,3.5,5.0,9,5,0.208,high
cand_1357,arch_023,Cloud Engineer,0.571,0.87,0.315,0.815,0.9,0.333,0.429,7.5,3.0,4.5,8,6,0.281,high
cand_1358,arch_023,Cloud Engineer,0.571,0.834,0.243,0.841,0.935,0.333,0.429,7.5,3.0,4.5,8,6,0.281,high
cand_1359,arch_023,Cloud Engineer,0.571,0.894,0.309,0.854,0.902,0.333,0.429,8.0,3.0,5.0,8,6,0.281,high
cand_1360,arch_023,Platform Engineer,0.786,0.847,0.318,0.87,0.919,0.0,0.214,7.5,4.5,3.0,11,3,0.125,high
cand_1361,arch_023,Platform Engineer,0.857,0.863,0.278,0.895,0.998,0.333,0.143,7.9,4.5,3.4,12,2,0.083,high
cand_1362,arch_023,Platform Engineer,0.786,0.895,0.295,0.805,0.96,0.0,0.214,8.2,4.5,3.7,11,3,0.125,high
cand_1363,arch_023,Site Reliability Engineer (SRE),0.786,0.854,0.253,0.806,0.923,0.333,0.214,7.5,4.0,3.5,11,3,0.125,high
cand_1364,arch_023,Site Reliability Engineer (SRE),0.786,0.831,0.238,0.87,0.912,0.333,0.214,7.7,4.0,3.7,11,3,0.125,high
cand_1365,arch_023,Site Reliability Engineer (SRE),0.714,0.856,0.292,0.831,0.855,0.333,0.286,8.0,4.0,4.0,10,4,0.167,high
cand_1366,arch_023,Cybersecurity Analyst,0.273,0.719,0.31,0.498,0.919,0.0,0.727,7.5,2.5,5.0,3,8,0.427,low
cand_1367,arch_023,Cybersecurity Analyst,0.364,0.679,0.32,0.495,1.0,0.0,0.636,7.4,2.5,4.9,4,7,0.385,moderate
cand_1368,arch_023,Cybersecurity Analyst,0.273,0.781,0.24,0.469,0.82,0.0,0.727,8.1,2.5,5.6,3,8,0.427,low
cand_1369,arch_023,Cloud Security Engineer,0.615,0.694,0.25,0.5,0.913,0.0,0.385,7.5,4.0,3.5,8,5,0.24,high
cand_1370,arch_023,Cloud Security Engineer,0.615,0.703,0.301,0.58,0.968,0.0,0.385,8.4,4.0,4.4,8,5,0.24,high
cand_1371,arch_023,Cloud Security Engineer,0.615,0.779,0.231,0.496,0.954,0.0,0.385,8.7,4.0,4.7,8,5,0.24,high
cand_1372,arch_023,QA Automation Engineer,0.417,0.764,0.61,0.509,0.935,0.0,0.583,7.5,2.5,5.0,5,7,0.385,moderate
cand_1373,arch_023,QA Automation Engineer,0.417,0.732,0.646,0.478,0.92,0.0,0.583,8.1,2.5,5.6,5,7,0.385,moderate
cand_1374,arch_023,QA Automation Engineer,0.417,0.727,0.622,0.554,0.949,0.0,0.583,7.3,2.5,4.8,5,7,0.385,moderate
cand_1375,arch_023,Mobile Developer (React Native / Flutter),0.091,0.757,0.276,0.555,0.914,0.0,0.909,7.5,2.5,5.0,1,10,0.542,low
cand_1376,arch_023,Mobile Developer (React Native / Flutter),0.091,0.754,0.251,0.514,0.933,0.0,0.909,7.4,2.5,4.9,1,10,0.542,low
cand_1377,arch_023,Mobile Developer (React Native / Flutter),0.091,0.685,0.324,0.461,0.953,0.0,0.909,7.7,2.5,5.2,1,10,0.542,low
cand_1378,arch_023,Solutions Architect,0.5,0.77,0.264,0.51,0.943,0.0,0.5,7.5,6.5,1.0,7,7,0.385,moderate
cand_1379,arch_023,Solutions Architect,0.5,0.735,0.263,0.463,0.951,0.0,0.5,7.7,6.5,1.2,7,7,0.385,moderate
cand_1380,arch_023,Solutions Architect,0.429,0.738,0.31,0.57,0.863,0.0,0.571,9.1,6.5,2.6,6,8,0.427,moderate
cand_1381,arch_024,Java Backend Developer,0.231,0.717,0.268,0.574,0.465,0.0,0.769,1.8,3.0,-1.2,3,10,0.542,low
cand_1382,arch_024,Java Backend Developer,0.231,0.709,0.326,0.537,0.484,0.0,0.769,2.0,3.0,-1.0,3,10,0.542,low
cand_1383,arch_024,Java Backend Developer,0.231,0.691,0.313,0.532,0.462,0.0,0.769,1.4,3.0,-1.6,3,10,0.542,low
cand_1384,arch_024,Python Developer,0.25,0.694,0.321,0.506,0.476,0.0,0.75,1.8,2.5,-0.7,3,9,0.5,low
cand_1385,arch_024,Python Developer,0.25,0.725,0.267,0.461,0.486,0.0,0.75,1.9,2.5,-0.6,3,9,0.5,low
cand_1386,arch_024,Python Developer,0.25,0.789,0.243,0.51,0.519,0.0,0.75,3.4,2.5,0.9,3,9,0.5,low
cand_1387,arch_024,Full Stack Developer,0.143,0.717,0.32,0.485,0.53,0.0,0.857,1.8,3.0,-1.2,2,12,0.656,low
cand_1388,arch_024,Full Stack Developer,0.143,0.75,0.246,0.529,0.485,0.0,0.857,1.9,3.0,-1.1,2,12,0.656,low
cand_1389,arch_024,Full Stack Developer,0.143,0.725,0.25,0.579,0.496,0.0,0.857,1.5,3.0,-1.5,2,12,0.656,low
cand_1390,arch_024,Frontend Developer,0.091,0.769,0.63,0.49,0.486,0.0,0.909,1.8,2.0,-0.2,1,10,0.573,low
cand_1391,arch_024,Frontend Developer,0.091,0.726,0.574,0.471,0.512,0.0,0.909,2.3,2.0,0.3,1,10,0.573,low
cand_1392,arch_024,Frontend Developer,0.091,0.771,0.649,0.507,0.526,0.0,0.909,3.4,2.0,1.4,1,10,0.573,low
cand_1393,arch_024,Backend Developer,0.077,0.772,0.272,0.482,0.509,0.0,0.923,1.8,3.0,-1.2,1,12,0.656,low
cand_1394,arch_024,Backend Developer,0.154,0.692,0.287,0.507,0.607,0.0,0.846,2.1,3.0,-0.9,2,11,0.615,low
cand_1395,arch_024,Backend Developer,0.077,0.703,0.293,0.495,0.533,0.0,0.923,1.6,3.0,-1.4,1,12,0.656,low
cand_1396,arch_024,Data Analyst,0.222,0.754,0.642,0.486,0.499,0.0,0.778,1.8,2.0,-0.2,2,7,0.385,low
cand_1397,arch_024,Data Analyst,0.222,0.789,0.578,0.473,0.521,0.0,0.778,3.0,2.0,1.0,2,7,0.385,low
cand_1398,arch_024,Data Analyst,0.222,0.7,0.621,0.515,0.466,0.0,0.778,1.8,2.0,-0.2,2,7,0.385,low
cand_1399,arch_024,Data Scientist,0.167,0.883,0.305,0.506,0.52,0.0,0.833,1.8,4.0,-2.2,2,10,0.542,low
cand_1400,arch_024,Data Scientist,0.25,0.83,0.301,0.476,0.585,0.0,0.75,2.8,4.0,-1.2,3,9,0.5,low
cand_1401,arch_024,Data Scientist,0.167,0.81,0.296,0.546,0.495,0.0,0.833,2.2,4.0,-1.8,2,10,0.542,low
cand_1402,arch_024,Machine Learning Engineer,0.2,0.856,0.258,0.479,0.527,0.0,0.8,1.8,4.0,-2.2,3,12,0.656,low
cand_1403,arch_024,Machine Learning Engineer,0.267,0.864,0.269,0.469,0.593,0.25,0.733,2.4,4.0,-1.6,4,11,0.615,low
cand_1404,arch_024,Machine Learning Engineer,0.2,0.821,0.301,0.567,0.431,0.0,0.8,2.8,4.0,-1.2,3,12,0.656,low
cand_1405,arch_024,AI Engineer,0.154,0.853,0.235,0.536,0.502,0.0,0.846,1.8,3.5,-1.7,2,11,0.583,low
cand_1406,arch_024,AI Engineer,0.154,0.812,0.299,0.513,0.508,0.0,0.846,2.5,3.5,-1.0,2,11,0.583,low
cand_1407,arch_024,AI Engineer,0.154,0.824,0.255,0.569,0.476,0.0,0.846,1.1,3.5,-2.4,2,11,0.583,low
cand_1408,arch_024,MLOps Engineer,0.2,0.802,0.233,0.462,0.526,0.0,0.8,1.8,4.5,-2.7,3,12,0.625,low
cand_1409,arch_024,MLOps Engineer,0.267,0.896,0.313,0.48,0.545,0.0,0.733,2.5,4.5,-2.0,4,11,0.583,low
cand_1410,arch_024,MLOps Engineer,0.2,0.839,0.293,0.535,0.463,0.0,0.8,2.1,4.5,-2.4,3,12,0.625,low
cand_1411,arch_024,Data Engineer,0.214,0.717,0.273,0.488,0.468,0.0,0.786,1.8,3.5,-1.7,3,11,0.583,low
cand_1412,arch_024,Data Engineer,0.286,0.671,0.251,0.486,0.584,0.25,0.714,1.9,3.5,-1.6,4,10,0.542,low
cand_1413,arch_024,Data Engineer,0.214,0.675,0.319,0.509,0.521,0.0,0.786,1.7,3.5,-1.8,3,11,0.583,low
cand_1414,arch_024,DevOps Engineer,0.143,0.86,0.329,0.546,0.523,0.0,0.857,1.8,3.5,-1.7,2,12,0.625,low
cand_1415,arch_024,DevOps Engineer,0.143,0.83,0.239,0.499,0.51,0.0,0.857,2.9,3.5,-0.6,2,12,0.625,low
cand_1416,arch_024,DevOps Engineer,0.143,0.893,0.243,0.481,0.521,0.0,0.857,2.0,3.5,-1.5,2,12,0.625,low
cand_1417,arch_024,Cloud Engineer,0.214,0.883,0.328,0.54,0.465,0.0,0.786,1.8,3.0,-1.2,3,11,0.583,low
cand_1418,arch_024,Cloud Engineer,0.214,0.854,0.281,0.549,0.5,0.0,0.786,1.4,3.0,-1.6,3,11,0.583,low
cand_1419,arch_024,Cloud Engineer,0.214,0.874,0.32,0.497,0.448,0.0,0.786,2.8,3.0,-0.2,3,11,0.583,low
cand_1420,arch_024,Platform Engineer,0.143,0.891,0.292,0.467,0.49,0.0,0.857,1.8,4.5,-2.7,2,12,0.656,low
cand_1421,arch_024,Platform Engineer,0.214,0.877,0.254,0.547,0.611,0.0,0.786,1.9,4.5,-2.6,3,11,0.615,low
cand_1422,arch_024,Platform Engineer,0.143,0.816,0.262,0.554,0.463,0.0,0.857,2.2,4.5,-2.3,2,12,0.656,low
cand_1423,arch_024,Site Reliability Engineer (SRE),0.143,0.895,0.271,0.558,0.52,0.0,0.857,1.8,4.0,-2.2,2,12,0.656,low
cand_1424,arch_024,Site Reliability Engineer (SRE),0.143,0.841,0.251,0.466,0.533,0.0,0.857,1.8,4.0,-2.2,2,12,0.656,low
cand_1425,arch_024,Site Reliability Engineer (SRE),0.143,0.884,0.252,0.565,0.502,0.0,0.857,3.6,4.0,-0.4,2,12,0.656,low
cand_1426,arch_024,Cybersecurity Analyst,0.636,0.692,0.293,0.788,0.499,0.0,0.364,1.8,2.5,-0.7,7,4,0.167,high
cand_1427,arch_024,Cybersecurity Analyst,0.727,0.783,0.243,0.801,0.575,0.333,0.273,2.9,2.5,0.4,8,3,0.125,high
cand_1428,arch_024,Cybersecurity Analyst,0.545,0.679,0.302,0.817,0.446,0.0,0.455,3.1,2.5,0.6,6,5,0.24,moderate
cand_1429,arch_024,Cloud Security Engineer,0.231,0.699,0.248,0.81,0.483,0.0,0.769,1.8,4.0,-2.2,3,10,0.51,low
cand_1430,arch_024,Cloud Security Engineer,0.231,0.703,0.308,0.79,0.538,0.0,0.769,2.1,4.0,-1.9,3,10,0.51,low
cand_1431,arch_024,Cloud Security Engineer,0.231,0.721,0.291,0.832,0.401,0.0,0.769,2.0,4.0,-2.0,3,10,0.51,low
cand_1432,arch_024,QA Automation Engineer,0.25,0.784,0.618,0.551,0.494,0.0,0.75,1.8,2.5,-0.7,3,9,0.5,low
cand_1433,arch_024,QA Automation Engineer,0.25,0.706,0.624,0.526,0.474,0.0,0.75,1.5,2.5,-1.0,3,9,0.5,low
cand_1434,arch_024,QA Automation Engineer,0.25,0.704,0.626,0.518,0.487,0.0,0.75,2.0,2.5,-0.5,3,9,0.5,low
cand_1435,arch_024,Mobile Developer (React Native / Flutter),0.091,0.756,0.25,0.57,0.46,0.0,0.909,1.8,2.5,-0.7,1,10,0.542,low
cand_1436,arch_024,Mobile Developer (React Native / Flutter),0.091,0.715,0.27,0.51,0.492,0.0,0.909,2.8,2.5,0.3,1,10,0.542,low
cand_1437,arch_024,Mobile Developer (React Native / Flutter),0.091,0.707,0.329,0.469,0.531,0.0,0.909,2.9,2.5,0.4,1,10,0.542,low
cand_1438,arch_024,Solutions Architect,0.143,0.789,0.242,0.572,0.473,0.0,0.857,1.8,6.5,-4.7,2,12,0.656,low
cand_1439,arch_024,Solutions Architect,0.143,0.763,0.305,0.502,0.517,0.0,0.857,2.6,6.5,-3.9,2,12,0.656,low
cand_1440,arch_024,Solutions Architect,0.143,0.677,0.269,0.511,0.48,0.0,0.857,2.7,6.5,-3.8,2,12,0.656,low
cand_1441,arch_025,Java Backend Developer,0.462,0.727,0.322,0.503,0.731,0.667,0.538,5.2,3.0,2.2,6,7,0.448,moderate
cand_1442,arch_025,Java Backend Developer,0.462,0.688,0.291,0.573,0.686,0.667,0.538,4.8,3.0,1.8,6,7,0.448,moderate
cand_1443,arch_025,Java Backend Developer,0.462,0.75,0.246,0.474,0.682,0.667,0.538,5.0,3.0,2.0,6,7,0.448,moderate
cand_1444,arch_025,Python Developer,0.417,0.755,0.268,0.545,0.752,0.333,0.583,5.2,2.5,2.7,5,7,0.417,moderate
cand_1445,arch_025,Python Developer,0.417,0.775,0.247,0.511,0.73,0.333,0.583,4.9,2.5,2.4,5,7,0.417,moderate
cand_1446,arch_025,Python Developer,0.417,0.776,0.289,0.548,0.734,0.333,0.583,5.7,2.5,3.2,5,7,0.417,moderate
cand_1447,arch_025,Full Stack Developer,0.143,0.781,0.317,0.473,0.72,0.0,0.857,5.2,3.0,2.2,2,12,0.688,low
cand_1448,arch_025,Full Stack Developer,0.143,0.702,0.251,0.55,0.73,0.0,0.857,6.1,3.0,3.1,2,12,0.688,low
cand_1449,arch_025,Full Stack Developer,0.071,0.67,0.237,0.544,0.645,0.0,0.929,4.4,3.0,1.4,1,13,0.729,low
cand_1450,arch_025,Frontend Developer,0.091,0.749,0.643,0.48,0.704,0.0,0.909,5.2,2.0,3.2,1,10,0.573,low
cand_1451,arch_025,Frontend Developer,0.182,0.73,0.581,0.528,0.763,0.0,0.818,5.9,2.0,3.9,2,9,0.531,low
cand_1452,arch_025,Frontend Developer,0.091,0.767,0.589,0.578,0.744,0.0,0.909,4.9,2.0,2.9,1,10,0.573,low
cand_1453,arch_025,Backend Developer,0.308,0.723,0.321,0.473,0.725,0.667,0.692,5.2,3.0,2.2,4,9,0.531,moderate
cand_1454,arch_025,Backend Developer,0.308,0.703,0.264,0.53,0.713,0.667,0.692,4.9,3.0,1.9,4,9,0.531,moderate
cand_1455,arch_025,Backend Developer,0.231,0.702,0.326,0.54,0.666,0.333,0.769,6.1,3.0,3.1,3,10,0.573,low
cand_1456,arch_025,Data Analyst,0.111,0.675,0.591,0.555,0.704,0.0,0.889,5.2,2.0,3.2,1,8,0.49,low
cand_1457,arch_025,Data Analyst,0.111,0.702,0.619,0.551,0.723,0.0,0.889,5.6,2.0,3.6,1,8,0.49,low
cand_1458,arch_025,Data Analyst,0.111,0.711,0.602,0.489,0.703,0.0,0.889,5.3,2.0,3.3,1,8,0.49,low
cand_1459,arch_025,Data Scientist,0.25,0.848,0.291,0.577,0.744,0.0,0.75,5.2,4.0,1.2,3,9,0.5,low
cand_1460,arch_025,Data Scientist,0.333,0.884,0.303,0.567,0.757,0.333,0.667,6.1,4.0,2.1,4,8,0.458,moderate
cand_1461,arch_025,Data Scientist,0.25,0.834,0.3,0.558,0.704,0.0,0.75,6.0,4.0,2.0,3,9,0.5,low
cand_1462,arch_025,Machine Learning Engineer,0.333,0.874,0.296,0.517,0.707,0.0,0.667,5.2,4.0,1.2,5,10,0.542,moderate
cand_1463,arch_025,Machine Learning Engineer,0.333,0.915,0.311,0.462,0.703,0.0,0.667,5.1,4.0,1.1,5,10,0.542,moderate
cand_1464,arch_025,Machine Learning Engineer,0.333,0.839,0.274,0.533,0.706,0.0,0.667,4.5,4.0,0.5,5,10,0.542,moderate
cand_1465,arch_025,AI Engineer,0.231,0.874,0.238,0.511,0.749,0.0,0.769,5.2,3.5,1.7,3,10,0.542,low
cand_1466,arch_025,AI Engineer,0.231,0.903,0.321,0.548,0.698,0.0,0.769,6.3,3.5,2.8,3,10,0.542,low
cand_1467,arch_025,AI Engineer,0.154,0.905,0.308,0.546,0.605,0.0,0.846,4.9,3.5,1.4,2,11,0.583,low
cand_1468,arch_025,MLOps Engineer,0.467,0.86,0.239,0.56,0.754,0.0,0.533,5.2,4.5,0.7,7,8,0.333,moderate
cand_1469,arch_025,MLOps Engineer,0.467,0.908,0.326,0.518,0.718,0.0,0.533,6.4,4.5,1.9,7,8,0.333,moderate
cand_1470,arch_025,MLOps Engineer,0.467,0.813,0.329,0.464,0.677,0.0,0.533,5.0,4.5,0.5,7,8,0.333,moderate
cand_1471,arch_025,Data Engineer,0.286,0.709,0.268,0.494,0.732,0.0,0.714,5.2,3.5,1.7,4,10,0.51,moderate
cand_1472,arch_025,Data Engineer,0.286,0.75,0.297,0.571,0.725,0.0,0.714,5.9,3.5,2.4,4,10,0.51,moderate
cand_1473,arch_025,Data Engineer,0.286,0.71,0.252,0.529,0.748,0.0,0.714,5.7,3.5,2.2,4,10,0.51,moderate
cand_1474,arch_025,DevOps Engineer,0.571,0.808,0.264,0.569,0.734,0.0,0.429,5.2,3.5,1.7,8,6,0.25,moderate
cand_1475,arch_025,DevOps Engineer,0.571,0.894,0.327,0.512,0.693,0.0,0.429,6.0,3.5,2.5,8,6,0.25,high
cand_1476,arch_025,DevOps Engineer,0.571,0.813,0.264,0.531,0.689,0.0,0.429,5.1,3.5,1.6,8,6,0.25,moderate
cand_1477,arch_025,Cloud Engineer,0.571,0.913,0.287,0.475,0.699,0.333,0.429,5.2,3.0,2.2,8,6,0.281,moderate
cand_1478,arch_025,Cloud Engineer,0.571,0.837,0.289,0.483,0.705,0.333,0.429,5.4,3.0,2.4,8,6,0.281,moderate
cand_1479,arch_025,Cloud Engineer,0.571,0.896,0.323,0.475,0.727,0.333,0.429,5.5,3.0,2.5,8,6,0.281,high
cand_1480,arch_025,Platform Engineer,0.571,0.871,0.241,0.461,0.742,0.0,0.429,5.2,4.5,0.7,8,6,0.312,moderate
cand_1481,arch_025,Platform Engineer,0.571,0.836,0.252,0.542,0.686,0.0,0.429,5.3,4.5,0.8,8,6,0.312,moderate
cand_1482,arch_025,Platform Engineer,0.571,0.902,0.313,0.464,0.7,0.0,0.429,5.1,4.5,0.6,8,6,0.312,moderate
cand_1483,arch_025,Site Reliability Engineer (SRE),0.5,0.86,0.299,0.493,0.742,0.0,0.5,5.2,4.0,1.2,7,7,0.323,moderate
cand_1484,arch_025,Site Reliability Engineer (SRE),0.5,0.826,0.259,0.576,0.679,0.0,0.5,5.7,4.0,1.7,7,7,0.323,moderate
cand_1485,arch_025,Site Reliability Engineer (SRE),0.429,0.902,0.323,0.487,0.662,0.0,0.571,6.5,4.0,2.5,6,8,0.396,moderate
cand_1486,arch_025,Cybersecurity Analyst,0.455,0.781,0.308,0.883,0.732,0.0,0.545,5.2,2.5,2.7,5,6,0.312,moderate
cand_1487,arch_025,Cybersecurity Analyst,0.455,0.779,0.246,0.783,0.706,0.0,0.545,5.3,2.5,2.8,5,6,0.312,moderate
cand_1488,arch_025,Cybersecurity Analyst,0.455,0.712,0.269,0.789,0.732,0.0,0.545,5.5,2.5,3.0,5,6,0.312,moderate
cand_1489,arch_025,Cloud Security Engineer,0.692,0.704,0.322,0.864,0.718,0.0,0.308,5.2,4.0,1.2,9,4,0.167,high
cand_1490,arch_025,Cloud Security Engineer,0.692,0.772,0.301,0.835,0.687,0.0,0.308,5.0,4.0,1.0,9,4,0.167,high
cand_1491,arch_025,Cloud Security Engineer,0.692,0.705,0.244,0.806,0.734,0.0,0.308,4.8,4.0,0.8,9,4,0.167,high
cand_1492,arch_025,QA Automation Engineer,0.417,0.758,0.571,0.547,0.72,0.0,0.583,5.2,2.5,2.7,5,7,0.385,moderate
cand_1493,arch_025,QA Automation Engineer,0.417,0.688,0.665,0.511,0.742,0.0,0.583,5.9,2.5,3.4,5,7,0.385,moderate
cand_1494,arch_025,QA Automation Engineer,0.333,0.692,0.575,0.578,0.655,0.0,0.667,6.8,2.5,4.3,4,8,0.427,moderate
cand_1495,arch_025,Mobile Developer (React Native / Flutter),0.091,0.741,0.327,0.535,0.707,0.0,0.909,5.2,2.5,2.7,1,10,0.542,low
cand_1496,arch_025,Mobile Developer (React Native / Flutter),0.182,0.706,0.29,0.481,0.805,0.0,0.818,4.9,2.5,2.4,2,9,0.5,low
cand_1497,arch_025,Mobile Developer (React Native / Flutter),0.091,0.75,0.239,0.516,0.74,0.0,0.909,6.4,2.5,3.9,1,10,0.542,low
cand_1498,arch_025,Solutions Architect,0.357,0.716,0.293,0.513,0.675,0.0,0.643,5.2,6.5,-1.3,5,9,0.531,low
cand_1499,arch_025,Solutions Architect,0.357,0.673,0.287,0.529,0.696,0.0,0.643,5.0,6.5,-1.5,5,9,0.531,low
cand_1500,arch_025,Solutions Architect,0.357,0.692,0.278,0.537,0.709,0.0,0.643,6.3,6.5,-0.2,5,9,0.531,moderate
cand_1501,arch_026,Java Backend Developer,0.154,0.739,0.24,0.468,0.461,0.0,0.846,2.5,3.0,-0.5,2,11,0.583,low
cand_1502,arch_026,Java Backend Developer,0.231,0.717,0.312,0.554,0.502,0.333,0.769,3.4,3.0,0.4,3,10,0.542,low
cand_1503,arch_026,Java Backend Developer,0.154,0.735,0.312,0.538,0.449,0.0,0.846,1.9,3.0,-1.1,2,11,0.583,low
cand_1504,arch_026,Python Developer,0.167,0.695,0.296,0.474,0.458,0.0,0.833,2.5,2.5,0.0,2,10,0.542,low
cand_1505,arch_026,Python Developer,0.25,0.766,0.242,0.475,0.476,0.0,0.75,3.2,2.5,0.7,3,9,0.5,low
cand_1506,arch_026,Python Developer,0.167,0.772,0.234,0.578,0.429,0.0,0.833,2.1,2.5,-0.4,2,10,0.542,low
cand_1507,arch_026,Full Stack Developer,0.143,0.714,0.284,0.511,0.464,0.0,0.857,2.5,3.0,-0.5,2,12,0.656,low
cand_1508,arch_026,Full Stack Developer,0.214,0.749,0.274,0.529,0.516,0.0,0.786,2.1,3.0,-0.9,3,11,0.615,low
cand_1509,arch_026,Full Stack Developer,0.143,0.712,0.284,0.485,0.396,0.0,0.857,3.1,3.0,0.1,2,12,0.656,low
cand_1510,arch_026,Frontend Developer,0.091,0.768,0.594,0.483,0.413,0.0,0.909,2.5,2.0,0.5,1,10,0.573,low
cand_1511,arch_026,Frontend Developer,0.091,0.742,0.592,0.503,0.399,0.0,0.909,3.4,2.0,1.4,1,10,0.573,low
cand_1512,arch_026,Frontend Developer,0.091,0.701,0.635,0.48,0.354,0.0,0.909,3.3,2.0,1.3,1,10,0.573,low
cand_1513,arch_026,Backend Developer,0.077,0.783,0.298,0.573,0.4,0.0,0.923,2.5,3.0,-0.5,1,12,0.656,low
cand_1514,arch_026,Backend Developer,0.077,0.702,0.293,0.537,0.446,0.0,0.923,2.4,3.0,-0.6,1,12,0.656,low
cand_1515,arch_026,Backend Developer,0.077,0.731,0.246,0.559,0.414,0.0,0.923,3.2,3.0,0.2,1,12,0.656,low
cand_1516,arch_026,Data Analyst,0.222,0.765,0.608,0.576,0.408,0.0,0.778,2.5,2.0,0.5,2,7,0.385,low
cand_1517,arch_026,Data Analyst,0.222,0.752,0.611,0.5,0.396,0.0,0.778,2.5,2.0,0.5,2,7,0.385,low
cand_1518,arch_026,Data Analyst,0.222,0.688,0.65,0.493,0.396,0.0,0.778,4.1,2.0,2.1,2,7,0.385,low
cand_1519,arch_026,Data Scientist,0.167,0.918,0.252,0.574,0.451,0.0,0.833,2.5,4.0,-1.5,2,10,0.542,low
cand_1520,arch_026,Data Scientist,0.167,0.905,0.289,0.557,0.396,0.0,0.833,2.3,4.0,-1.7,2,10,0.542,low
cand_1521,arch_026,Data Scientist,0.167,0.834,0.257,0.472,0.392,0.0,0.833,2.6,4.0,-1.4,2,10,0.542,low
cand_1522,arch_026,Machine Learning Engineer,0.133,0.838,0.305,0.482,0.453,0.0,0.867,2.5,4.0,-1.5,2,13,0.698,low
cand_1523,arch_026,Machine Learning Engineer,0.133,0.866,0.318,0.508,0.436,0.0,0.867,3.2,4.0,-0.8,2,13,0.698,low
cand_1524,arch_026,Machine Learning Engineer,0.133,0.886,0.296,0.477,0.434,0.0,0.867,2.4,4.0,-1.6,2,13,0.698,low
cand_1525,arch_026,AI Engineer,0.154,0.832,0.322,0.537,0.418,0.0,0.846,2.5,3.5,-1.0,2,11,0.583,low
cand_1526,arch_026,AI Engineer,0.154,0.85,0.276,0.513,0.417,0.0,0.846,3.3,3.5,-0.2,2,11,0.583,low
cand_1527,arch_026,AI Engineer,0.154,0.914,0.282,0.546,0.462,0.0,0.846,2.9,3.5,-0.6,2,11,0.583,low
cand_1528,arch_026,MLOps Engineer,0.133,0.827,0.294,0.47,0.413,0.0,0.867,2.5,4.5,-2.0,2,13,0.698,low
cand_1529,arch_026,MLOps Engineer,0.133,0.876,0.238,0.489,0.396,0.0,0.867,3.3,4.5,-1.2,2,13,0.698,low
cand_1530,arch_026,MLOps Engineer,0.133,0.866,0.279,0.565,0.394,0.0,0.867,3.2,4.5,-1.3,2,13,0.698,low
cand_1531,arch_026,Data Engineer,0.143,0.721,0.281,0.548,0.427,0.0,0.857,2.5,3.5,-1.0,2,12,0.625,low
cand_1532,arch_026,Data Engineer,0.143,0.777,0.3,0.509,0.438,0.0,0.857,2.9,3.5,-0.6,2,12,0.625,low
cand_1533,arch_026,Data Engineer,0.143,0.756,0.3,0.55,0.408,0.0,0.857,4.1,3.5,0.6,2,12,0.625,low
cand_1534,arch_026,DevOps Engineer,0.071,0.889,0.325,0.559,0.459,0.0,0.929,2.5,3.5,-1.0,1,13,0.698,low
cand_1535,arch_026,DevOps Engineer,0.071,0.873,0.326,0.541,0.459,0.0,0.929,2.9,3.5,-0.6,1,13,0.698,low
cand_1536,arch_026,DevOps Engineer,0.071,0.844,0.243,0.502,0.321,0.0,0.929,3.1,3.5,-0.4,1,13,0.698,low
cand_1537,arch_026,Cloud Engineer,0.143,0.859,0.247,0.576,0.416,0.0,0.857,2.5,3.0,-0.5,2,12,0.656,low
cand_1538,arch_026,Cloud Engineer,0.143,0.902,0.316,0.495,0.427,0.0,0.857,3.2,3.0,0.2,2,12,0.656,low
cand_1539,arch_026,Cloud Engineer,0.143,0.868,0.252,0.497,0.392,0.0,0.857,2.4,3.0,-0.6,2,12,0.656,low
cand_1540,arch_026,Platform Engineer,0.071,0.877,0.313,0.464,0.426,0.0,0.929,2.5,4.5,-2.0,1,13,0.729,low
cand_1541,arch_026,Platform Engineer,0.071,0.843,0.292,0.499,0.417,0.0,0.929,3.1,4.5,-1.4,1,13,0.729,low
cand_1542,arch_026,Platform Engineer,0.071,0.822,0.265,0.472,0.428,0.0,0.929,1.7,4.5,-2.8,1,13,0.729,low
cand_1543,arch_026,Site Reliability Engineer (SRE),0.071,0.81,0.281,0.478,0.398,0.0,0.929,2.5,4.0,-1.5,1,13,0.729,low
cand_1544,arch_026,Site Reliability Engineer (SRE),0.143,0.827,0.27,0.496,0.494,0.0,0.857,2.9,4.0,-1.1,2,12,0.688,low
cand_1545,arch_026,Site Reliability Engineer (SRE),0.071,0.813,0.274,0.561,0.402,0.0,0.929,2.2,4.0,-1.8,1,13,0.729,low
cand_1546,arch_026,Cybersecurity Analyst,0.273,0.712,0.273,0.503,0.458,0.0,0.727,2.5,2.5,0.0,3,8,0.396,low
cand_1547,arch_026,Cybersecurity Analyst,0.364,0.686,0.272,0.5,0.463,0.333,0.636,2.4,2.5,-0.1,4,7,0.354,moderate
cand_1548,arch_026,Cybersecurity Analyst,0.273,0.785,0.328,0.474,0.428,0.0,0.727,3.4,2.5,0.9,3,8,0.396,low
cand_1549,arch_026,Cloud Security Engineer,0.077,0.729,0.298,0.475,0.449,0.0,0.923,2.5,4.0,-1.5,1,12,0.656,low
cand_1550,arch_026,Cloud Security Engineer,0.077,0.686,0.326,0.555,0.399,0.0,0.923,3.3,4.0,-0.7,1,12,0.656,low
cand_1551,arch_026,Cloud Security Engineer,0.077,0.698,0.298,0.501,0.395,0.0,0.923,2.6,4.0,-1.4,1,12,0.656,low
cand_1552,arch_026,QA Automation Engineer,0.167,0.758,0.613,0.815,0.427,0.0,0.833,2.5,2.5,0.0,2,10,0.542,low
cand_1553,arch_026,QA Automation Engineer,0.167,0.758,0.589,0.814,0.398,0.0,0.833,3.3,2.5,0.8,2,10,0.542,low
cand_1554,arch_026,QA Automation Engineer,0.167,0.75,0.613,0.837,0.451,0.0,0.833,2.4,2.5,-0.1,2,10,0.542,low
cand_1555,arch_026,Mobile Developer (React Native / Flutter),0.091,0.682,0.303,0.533,0.404,0.0,0.909,2.5,2.5,0.0,1,10,0.542,low
cand_1556,arch_026,Mobile Developer (React Native / Flutter),0.091,0.688,0.242,0.508,0.41,0.0,0.909,3.5,2.5,1.0,1,10,0.542,low
cand_1557,arch_026,Mobile Developer (React Native / Flutter),0.091,0.744,0.239,0.466,0.35,0.0,0.909,2.2,2.5,-0.3,1,10,0.542,low
cand_1558,arch_026,Solutions Architect,0.071,0.707,0.293,0.488,0.415,0.0,0.929,2.5,6.5,-4.0,1,13,0.698,low
cand_1559,arch_026,Solutions Architect,0.071,0.747,0.26,0.492,0.411,0.0,0.929,2.9,6.5,-3.6,1,13,0.698,low
cand_1560,arch_026,Solutions Architect,0.071,0.708,0.235,0.465,0.393,0.0,0.929,2.6,6.5,-3.9,1,13,0.698,low
cand_1561,arch_027,Java Backend Developer,0.462,0.759,0.251,0.517,0.676,0.0,0.538,4.5,3.0,1.5,6,7,0.385,moderate
cand_1562,arch_027,Java Backend Developer,0.462,0.714,0.26,0.472,0.604,0.0,0.538,4.3,3.0,1.3,6,7,0.385,moderate
cand_1563,arch_027,Java Backend Developer,0.462,0.71,0.304,0.503,0.665,0.0,0.538,5.1,3.0,2.1,6,7,0.385,moderate
cand_1564,arch_027,Python Developer,0.5,0.733,0.267,0.538,0.62,0.0,0.5,4.5,2.5,2.0,6,6,0.312,moderate
cand_1565,arch_027,Python Developer,0.5,0.686,0.304,0.474,0.65,0.0,0.5,4.7,2.5,2.2,6,6,0.312,moderate
cand_1566,arch_027,Python Developer,0.5,0.693,0.3,0.571,0.609,0.0,0.5,6.1,2.5,3.6,6,6,0.312,moderate
cand_1567,arch_027,Full Stack Developer,0.357,0.736,0.264,0.547,0.682,0.0,0.643,4.5,3.0,1.5,5,9,0.469,moderate
cand_1568,arch_027,Full Stack Developer,0.357,0.675,0.249,0.526,0.623,0.0,0.643,4.4,3.0,1.4,5,9,0.469,moderate
cand_1569,arch_027,Full Stack Developer,0.357,0.779,0.328,0.567,0.639,0.0,0.643,6.0,3.0,3.0,5,9,0.469,moderate
cand_1570,arch_027,Frontend Developer,0.364,0.756,0.661,0.468,0.636,0.0,0.636,4.5,2.0,2.5,4,7,0.385,moderate
cand_1571,arch_027,Frontend Developer,0.364,0.673,0.63,0.544,0.613,0.0,0.636,5.6,2.0,3.6,4,7,0.385,moderate
cand_1572,arch_027,Frontend Developer,0.364,0.765,0.639,0.549,0.635,0.0,0.636,3.8,2.0,1.8,4,7,0.385,moderate
cand_1573,arch_027,Backend Developer,0.308,0.752,0.317,0.577,0.616,0.0,0.692,4.5,3.0,1.5,4,9,0.469,moderate
cand_1574,arch_027,Backend Developer,0.385,0.717,0.291,0.485,0.675,0.333,0.615,5.3,3.0,2.3,5,8,0.427,moderate
cand_1575,arch_027,Backend Developer,0.308,0.671,0.323,0.522,0.643,0.0,0.692,5.2,3.0,2.2,4,9,0.469,moderate
cand_1576,arch_027,Data Analyst,0.222,0.756,0.596,0.562,0.627,0.0,0.778,4.5,2.0,2.5,2,7,0.417,low
cand_1577,arch_027,Data Analyst,0.333,0.675,0.594,0.465,0.686,0.0,0.667,4.5,2.0,2.5,3,6,0.375,moderate
cand_1578,arch_027,Data Analyst,0.222,0.702,0.649,0.537,0.623,0.0,0.778,6.0,2.0,4.0,2,7,0.417,low
cand_1579,arch_027,Data Scientist,0.333,0.899,0.283,0.46,0.631,0.0,0.667,4.5,4.0,0.5,4,8,0.427,moderate
cand_1580,arch_027,Data Scientist,0.417,0.914,0.318,0.492,0.685,0.0,0.583,5.1,4.0,1.1,5,7,0.385,moderate
cand_1581,arch_027,Data Scientist,0.333,0.918,0.293,0.461,0.631,0.0,0.667,6.0,4.0,2.0,4,8,0.427,moderate
cand_1582,arch_027,Machine Learning Engineer,0.4,0.888,0.258,0.491,0.604,0.0,0.6,4.5,4.0,0.5,6,9,0.438,moderate
cand_1583,arch_027,Machine Learning Engineer,0.4,0.913,0.288,0.547,0.658,0.0,0.6,5.2,4.0,1.2,6,9,0.438,moderate
cand_1584,arch_027,Machine Learning Engineer,0.4,0.875,0.29,0.485,0.638,0.0,0.6,6.2,4.0,2.2,6,9,0.438,moderate
cand_1585,arch_027,AI Engineer,0.385,0.839,0.25,0.536,0.672,0.0,0.615,4.5,3.5,1.0,5,8,0.396,moderate
cand_1586,arch_027,AI Engineer,0.385,0.888,0.273,0.478,0.641,0.0,0.615,4.7,3.5,1.2,5,8,0.396,moderate
cand_1587,arch_027,AI Engineer,0.385,0.898,0.248,0.528,0.678,0.0,0.615,5.0,3.5,1.5,5,8,0.396,moderate
cand_1588,arch_027,MLOps Engineer,0.467,0.822,0.258,0.497,0.674,0.0,0.533,4.5,4.5,0.0,7,8,0.365,moderate
cand_1589,arch_027,MLOps Engineer,0.467,0.823,0.244,0.511,0.639,0.0,0.533,5.4,4.5,0.9,7,8,0.365,moderate
cand_1590,arch_027,MLOps Engineer,0.467,0.887,0.244,0.55,0.604,0.0,0.533,5.4,4.5,0.9,7,8,0.365,moderate
cand_1591,arch_027,Data Engineer,0.429,0.682,0.268,0.473,0.604,0.0,0.571,4.5,3.5,1.0,6,8,0.396,moderate
cand_1592,arch_027,Data Engineer,0.429,0.686,0.307,0.492,0.678,0.0,0.571,5.4,3.5,1.9,6,8,0.396,moderate
cand_1593,arch_027,Data Engineer,0.429,0.671,0.309,0.525,0.668,0.0,0.571,5.3,3.5,1.8,6,8,0.396,moderate
cand_1594,arch_027,DevOps Engineer,0.357,0.902,0.238,0.477,0.664,0.0,0.643,4.5,3.5,1.0,5,9,0.438,moderate
cand_1595,arch_027,DevOps Engineer,0.357,0.837,0.278,0.489,0.646,0.0,0.643,5.5,3.5,2.0,5,9,0.438,moderate
cand_1596,arch_027,DevOps Engineer,0.357,0.803,0.234,0.525,0.611,0.0,0.643,4.4,3.5,0.9,5,9,0.438,moderate
cand_1597,arch_027,Cloud Engineer,0.5,0.906,0.272,0.46,0.621,0.0,0.5,4.5,3.0,1.5,7,7,0.323,moderate
cand_1598,arch_027,Cloud Engineer,0.5,0.879,0.253,0.565,0.634,0.0,0.5,4.5,3.0,1.5,7,7,0.323,moderate
cand_1599,arch_027,Cloud Engineer,0.5,0.813,0.247,0.473,0.611,0.0,0.5,6.0,3.0,3.0,7,7,0.323,moderate
cand_1600,arch_027,Platform Engineer,0.357,0.915,0.266,0.534,0.612,0.0,0.643,4.5,4.5,0.0,5,9,0.469,moderate
cand_1601,arch_027,Platform Engineer,0.357,0.907,0.29,0.481,0.645,0.0,0.643,5.6,4.5,1.1,5,9,0.469,moderate
cand_1602,arch_027,Platform Engineer,0.357,0.818,0.297,0.496,0.668,0.0,0.643,5.3,4.5,0.8,5,9,0.469,moderate
cand_1603,arch_027,Site Reliability Engineer (SRE),0.357,0.842,0.24,0.57,0.656,0.0,0.643,4.5,4.0,0.5,5,9,0.438,moderate
cand_1604,arch_027,Site Reliability Engineer (SRE),0.357,0.885,0.238,0.46,0.678,0.0,0.643,5.6,4.0,1.6,5,9,0.438,moderate
cand_1605,arch_027,Site Reliability Engineer (SRE),0.357,0.838,0.269,0.547,0.666,0.0,0.643,4.1,4.0,0.1,5,9,0.438,moderate
cand_1606,arch_027,Cybersecurity Analyst,0.364,0.727,0.237,0.529,0.68,0.0,0.636,4.5,2.5,2.0,4,7,0.354,moderate
cand_1607,arch_027,Cybersecurity Analyst,0.455,0.692,0.269,0.498,0.708,0.333,0.545,4.5,2.5,2.0,5,6,0.312,moderate
cand_1608,arch_027,Cybersecurity Analyst,0.364,0.765,0.263,0.556,0.655,0.0,0.636,5.5,2.5,3.0,4,7,0.354,moderate
cand_1609,arch_027,Cloud Security Engineer,0.385,0.7,0.272,0.52,0.646,0.0,0.615,4.5,4.0,0.5,5,8,0.396,moderate
cand_1610,arch_027,Cloud Security Engineer,0.385,0.716,0.288,0.511,0.649,0.0,0.615,5.0,4.0,1.0,5,8,0.396,moderate
cand_1611,arch_027,Cloud Security Engineer,0.385,0.754,0.254,0.46,0.682,0.0,0.615,5.5,4.0,1.5,5,8,0.396,moderate
cand_1612,arch_027,QA Automation Engineer,0.75,0.672,0.626,0.895,0.677,0.0,0.25,4.5,2.5,2.0,9,3,0.125,high
cand_1613,arch_027,QA Automation Engineer,0.75,0.772,0.648,0.797,0.64,0.0,0.25,4.2,2.5,1.7,9,3,0.125,high
cand_1614,arch_027,QA Automation Engineer,0.75,0.782,0.612,0.805,0.621,0.0,0.25,5.9,2.5,3.4,9,3,0.125,high
cand_1615,arch_027,Mobile Developer (React Native / Flutter),0.273,0.76,0.242,0.543,0.614,0.0,0.727,4.5,2.5,2.0,3,8,0.396,low
cand_1616,arch_027,Mobile Developer (React Native / Flutter),0.273,0.721,0.235,0.473,0.649,0.0,0.727,5.3,2.5,2.8,3,8,0.396,low
cand_1617,arch_027,Mobile Developer (React Native / Flutter),0.273,0.689,0.245,0.477,0.622,0.0,0.727,4.9,2.5,2.4,3,8,0.396,low
cand_1618,arch_027,Solutions Architect,0.357,0.671,0.313,0.51,0.664,0.0,0.643,4.5,6.5,-2.0,5,9,0.5,low
cand_1619,arch_027,Solutions Architect,0.357,0.726,0.302,0.513,0.654,0.0,0.643,4.9,6.5,-1.6,5,9,0.5,low
cand_1620,arch_027,Solutions Architect,0.286,0.776,0.233,0.55,0.572,0.0,0.714,3.7,6.5,-2.8,4,10,0.573,low
cand_1621,arch_028,Java Backend Developer,0.154,0.671,0.313,0.542,0.673,0.0,0.846,3.8,3.0,0.8,2,11,0.583,low
cand_1622,arch_028,Java Backend Developer,0.154,0.78,0.28,0.545,0.637,0.0,0.846,4.3,3.0,1.3,2,11,0.583,low
cand_1623,arch_028,Java Backend Developer,0.154,0.733,0.328,0.475,0.62,0.0,0.846,3.4,3.0,0.4,2,11,0.583,low
cand_1624,arch_028,Python Developer,0.167,0.744,0.252,0.482,0.663,0.0,0.833,3.8,2.5,1.3,2,10,0.542,low
cand_1625,arch_028,Python Developer,0.167,0.768,0.277,0.498,0.654,0.0,0.833,4.3,2.5,1.8,2,10,0.542,low
cand_1626,arch_028,Python Developer,0.167,0.748,0.249,0.473,0.538,0.0,0.833,5.2,2.5,2.7,2,10,0.542,low
cand_1627,arch_028,Full Stack Developer,0.429,0.742,0.315,0.463,0.625,0.0,0.571,3.8,3.0,0.8,6,8,0.396,moderate
cand_1628,arch_028,Full Stack Developer,0.429,0.761,0.261,0.526,0.654,0.0,0.571,4.3,3.0,1.3,6,8,0.396,moderate
cand_1629,arch_028,Full Stack Developer,0.429,0.787,0.286,0.528,0.666,0.0,0.571,3.1,3.0,0.1,6,8,0.396,moderate
cand_1630,arch_028,Frontend Developer,0.545,0.675,0.601,0.573,0.604,0.0,0.455,3.8,2.0,1.8,6,5,0.208,moderate
cand_1631,arch_028,Frontend Developer,0.545,0.73,0.601,0.507,0.631,0.0,0.455,4.0,2.0,2.0,6,5,0.208,moderate
cand_1632,arch_028,Frontend Developer,0.545,0.71,0.66,0.52,0.643,0.0,0.455,3.3,2.0,1.3,6,5,0.208,moderate
cand_1633,arch_028,Backend Developer,0.077,0.763,0.232,0.556,0.641,0.0,0.923,3.8,3.0,0.8,1,12,0.656,low
cand_1634,arch_028,Backend Developer,0.154,0.688,0.276,0.566,0.682,0.0,0.846,4.8,3.0,1.8,2,11,0.615,low
cand_1635,arch_028,Backend Developer,0.077,0.767,0.295,0.552,0.616,0.0,0.923,4.9,3.0,1.9,1,12,0.656,low
cand_1636,arch_028,Data Analyst,0.0,0.786,0.622,0.547,0.655,0.0,1.0,3.8,2.0,1.8,0,9,0.531,low
cand_1637,arch_028,Data Analyst,0.111,0.711,0.606,0.563,0.709,0.0,0.889,4.9,2.0,2.9,1,8,0.49,low
cand_1638,arch_028,Data Analyst,0.0,0.717,0.591,0.533,0.609,0.0,1.0,5.3,2.0,3.3,0,9,0.531,low
cand_1639,arch_028,Data Scientist,0.083,0.818,0.293,0.52,0.667,0.0,0.917,3.8,4.0,-0.2,1,11,0.615,low
cand_1640,arch_028,Data Scientist,0.083,0.866,0.327,0.554,0.61,0.0,0.917,3.6,4.0,-0.4,1,11,0.615,low
cand_1641,arch_028,Data Scientist,0.083,0.912,0.246,0.494,0.632,0.0,0.917,3.2,4.0,-0.8,1,11,0.615,low
cand_1642,arch_028,Machine Learning Engineer,0.133,0.811,0.248,0.553,0.623,0.0,0.867,3.8,4.0,-0.2,2,13,0.698,low
cand_1643,arch_028,Machine Learning Engineer,0.2,0.878,0.244,0.475,0.72,0.25,0.8,4.2,4.0,0.2,3,12,0.656,low
cand_1644,arch_028,Machine Learning Engineer,0.133,0.848,0.316,0.57,0.613,0.0,0.867,3.1,4.0,-0.9,2,13,0.698,low
cand_1645,arch_028,AI Engineer,0.231,0.844,0.314,0.574,0.633,0.0,0.769,3.8,3.5,0.3,3,10,0.51,low
cand_1646,arch_028,AI Engineer,0.231,0.832,0.318,0.542,0.653,0.0,0.769,4.5,3.5,1.0,3,10,0.51,low
cand_1647,arch_028,AI Engineer,0.231,0.829,0.312,0.461,0.671,0.0,0.769,4.7,3.5,1.2,3,10,0.51,low
cand_1648,arch_028,MLOps Engineer,0.133,0.835,0.246,0.508,0.609,0.0,0.867,3.8,4.5,-0.7,2,13,0.698,low
cand_1649,arch_028,MLOps Engineer,0.133,0.811,0.277,0.537,0.675,0.0,0.867,4.0,4.5,-0.5,2,13,0.698,low
cand_1650,arch_028,MLOps Engineer,0.067,0.91,0.322,0.552,0.547,0.0,0.933,4.2,4.5,-0.3,1,14,0.74,low
cand_1651,arch_028,Data Engineer,0.143,0.709,0.262,0.58,0.642,0.0,0.857,3.8,3.5,0.3,2,12,0.656,low
cand_1652,arch_028,Data Engineer,0.143,0.703,0.234,0.479,0.64,0.0,0.857,4.5,3.5,1.0,2,12,0.656,low
cand_1653,arch_028,Data Engineer,0.143,0.674,0.29,0.506,0.678,0.0,0.857,4.7,3.5,1.2,2,12,0.656,low
cand_1654,arch_028,DevOps Engineer,0.071,0.843,0.273,0.517,0.607,0.0,0.929,3.8,3.5,0.3,1,13,0.698,low
cand_1655,arch_028,DevOps Engineer,0.071,0.882,0.257,0.536,0.61,0.0,0.929,4.8,3.5,1.3,1,13,0.698,low
cand_1656,arch_028,DevOps Engineer,0.071,0.836,0.301,0.565,0.645,0.0,0.929,3.2,3.5,-0.3,1,13,0.698,low
cand_1657,arch_028,Cloud Engineer,0.143,0.88,0.256,0.56,0.61,0.0,0.857,3.8,3.0,0.8,2,12,0.625,low
cand_1658,arch_028,Cloud Engineer,0.214,0.82,0.265,0.51,0.712,0.333,0.786,4.8,3.0,1.8,3,11,0.583,low
cand_1659,arch_028,Cloud Engineer,0.143,0.843,0.299,0.507,0.532,0.0,0.857,4.8,3.0,1.8,2,12,0.625,low
cand_1660,arch_028,Platform Engineer,0.071,0.894,0.29,0.469,0.656,0.0,0.929,3.8,4.5,-0.7,1,13,0.729,low
cand_1661,arch_028,Platform Engineer,0.143,0.802,0.32,0.572,0.714,0.333,0.857,4.4,4.5,-0.1,2,12,0.688,low
cand_1662,arch_028,Platform Engineer,0.071,0.881,0.256,0.547,0.682,0.0,0.929,3.8,4.5,-0.7,1,13,0.729,low
cand_1663,arch_028,Site Reliability Engineer (SRE),0.071,0.913,0.316,0.536,0.654,0.0,0.929,3.8,4.0,-0.2,1,13,0.729,low
cand_1664,arch_028,Site Reliability Engineer (SRE),0.143,0.85,0.285,0.48,0.704,0.333,0.857,4.3,4.0,0.3,2,12,0.688,low
cand_1665,arch_028,Site Reliability Engineer (SRE),0.071,0.917,0.288,0.462,0.668,0.0,0.929,3.9,4.0,-0.1,1,13,0.729,low
cand_1666,arch_028,Cybersecurity Analyst,0.091,0.672,0.32,0.52,0.672,0.0,0.909,3.8,2.5,1.3,1,10,0.542,low
cand_1667,arch_028,Cybersecurity Analyst,0.091,0.725,0.271,0.502,0.646,0.0,0.909,4.5,2.5,2.0,1,10,0.542,low
cand_1668,arch_028,Cybersecurity Analyst,0.091,0.684,0.248,0.511,0.617,0.0,0.909,4.4,2.5,1.9,1,10,0.542,low
cand_1669,arch_028,Cloud Security Engineer,0.077,0.741,0.284,0.506,0.67,0.0,0.923,3.8,4.0,-0.2,1,12,0.656,low
cand_1670,arch_028,Cloud Security Engineer,0.077,0.704,0.292,0.571,0.671,0.0,0.923,4.5,4.0,0.5,1,12,0.656,low
cand_1671,arch_028,Cloud Security Engineer,0.077,0.682,0.295,0.534,0.636,0.0,0.923,5.6,4.0,1.6,1,12,0.656,low
cand_1672,arch_028,QA Automation Engineer,0.25,0.73,0.645,0.571,0.611,0.0,0.75,3.8,2.5,1.3,3,9,0.438,low
cand_1673,arch_028,QA Automation Engineer,0.25,0.674,0.599,0.51,0.621,0.0,0.75,4.1,2.5,1.6,3,9,0.438,low
cand_1674,arch_028,QA Automation Engineer,0.25,0.693,0.617,0.475,0.68,0.0,0.75,4.2,2.5,1.7,3,9,0.438,low
cand_1675,arch_028,Mobile Developer (React Native / Flutter),0.818,0.78,0.271,0.878,0.659,0.667,0.182,3.8,2.5,1.3,9,2,0.083,high
cand_1676,arch_028,Mobile Developer (React Native / Flutter),0.818,0.764,0.281,0.812,0.656,0.667,0.182,4.6,2.5,2.1,9,2,0.083,high
cand_1677,arch_028,Mobile Developer (React Native / Flutter),0.818,0.779,0.297,0.78,0.676,0.667,0.182,3.8,2.5,1.3,9,2,0.083,high
cand_1678,arch_028,Solutions Architect,0.071,0.674,0.233,0.555,0.67,0.0,0.929,3.8,6.5,-2.7,1,13,0.698,low
cand_1679,arch_028,Solutions Architect,0.071,0.708,0.247,0.529,0.637,0.0,0.929,4.2,6.5,-2.3,1,13,0.698,low
cand_1680,arch_028,Solutions Architect,0.071,0.744,0.269,0.466,0.677,0.0,0.929,4.4,6.5,-2.1,1,13,0.698,low
cand_1681,arch_029,Java Backend Developer,0.0,0.721,0.324,0.507,0.375,0.0,1.0,3.0,3.0,0.0,0,13,0.698,low
cand_1682,arch_029,Java Backend Developer,0.077,0.722,0.24,0.556,0.429,0.0,0.923,3.2,3.0,0.2,1,12,0.656,low
cand_1683,arch_029,Java Backend Developer,0.0,0.771,0.293,0.491,0.361,0.0,1.0,3.8,3.0,0.8,0,13,0.698,low
cand_1684,arch_029,Python Developer,0.0,0.784,0.25,0.471,0.352,0.0,1.0,3.0,2.5,0.5,0,12,0.656,low
cand_1685,arch_029,Python Developer,0.0,0.673,0.301,0.57,0.323,0.0,1.0,3.6,2.5,1.1,0,12,0.656,low
cand_1686,arch_029,Python Developer,0.0,0.686,0.275,0.536,0.346,0.0,1.0,3.2,2.5,0.7,0,12,0.656,low
cand_1687,arch_029,Full Stack Developer,0.0,0.699,0.32,0.496,0.36,0.0,1.0,3.0,3.0,0.0,0,14,0.771,low
cand_1688,arch_029,Full Stack Developer,0.0,0.764,0.307,0.539,0.339,0.0,1.0,3.0,3.0,0.0,0,14,0.771,low
cand_1689,arch_029,Full Stack Developer,0.0,0.747,0.288,0.472,0.354,0.0,1.0,4.6,3.0,1.6,0,14,0.771,low
cand_1690,arch_029,Frontend Developer,0.0,0.742,0.581,0.494,0.389,0.0,1.0,3.0,2.0,1.0,0,11,0.615,low
cand_1691,arch_029,Frontend Developer,0.0,0.713,0.654,0.507,0.356,0.0,1.0,2.7,2.0,0.7,0,11,0.615,low
cand_1692,arch_029,Frontend Developer,0.0,0.695,0.612,0.567,0.296,0.0,1.0,2.3,2.0,0.3,0,11,0.615,low
cand_1693,arch_029,Backend Developer,0.0,0.724,0.246,0.496,0.389,0.0,1.0,3.0,3.0,0.0,0,13,0.729,low
cand_1694,arch_029,Backend Developer,0.0,0.773,0.242,0.501,0.345,0.0,1.0,3.7,3.0,0.7,0,13,0.729,low
cand_1695,arch_029,Backend Developer,0.0,0.671,0.282,0.491,0.327,0.0,1.0,4.8,3.0,1.8,0,13,0.729,low
cand_1696,arch_029,Data Analyst,0.222,0.743,0.624,0.522,0.378,0.0,0.778,3.0,2.0,1.0,2,7,0.417,low
cand_1697,arch_029,Data Analyst,0.222,0.674,0.584,0.47,0.372,0.0,0.778,2.9,2.0,0.9,2,7,0.417,low
cand_1698,arch_029,Data Analyst,0.222,0.694,0.579,0.545,0.369,0.0,0.778,2.5,2.0,0.5,2,7,0.417,low
cand_1699,arch_029,Data Scientist,0.0,0.856,0.311,0.512,0.393,0.0,1.0,3.0,4.0,-1.0,0,12,0.656,low
cand_1700,arch_029,Data Scientist,0.083,0.882,0.319,0.494,0.42,0.0,0.917,4.1,4.0,0.1,1,11,0.615,low
cand_1701,arch_029,Data Scientist,0.0,0.837,0.309,0.574,0.356,0.0,1.0,3.7,4.0,-0.3,0,12,0.656,low
cand_1702,arch_029,Machine Learning Engineer,0.0,0.906,0.272,0.55,0.382,0.0,1.0,3.0,4.0,-1.0,0,15,0.812,low
cand_1703,arch_029,Machine Learning Engineer,0.0,0.852,0.287,0.505,0.368,0.0,1.0,3.6,4.0,-0.4,0,15,0.812,low
cand_1704,arch_029,Machine Learning Engineer,0.0,0.915,0.255,0.509,0.294,0.0,1.0,2.4,4.0,-1.6,0,15,0.812,low
cand_1705,arch_029,AI Engineer,0.0,0.905,0.325,0.524,0.349,0.0,1.0,3.0,3.5,-0.5,0,13,0.698,low
cand_1706,arch_029,AI Engineer,0.0,0.852,0.249,0.489,0.334,0.0,1.0,2.8,3.5,-0.7,0,13,0.698,low
cand_1707,arch_029,AI Engineer,0.0,0.815,0.262,0.461,0.272,0.0,1.0,3.2,3.5,-0.3,0,13,0.698,low
cand_1708,arch_029,MLOps Engineer,0.0,0.856,0.31,0.568,0.362,0.0,1.0,3.0,4.5,-1.5,0,15,0.812,low
cand_1709,arch_029,MLOps Engineer,0.0,0.863,0.24,0.493,0.366,0.0,1.0,3.2,4.5,-1.3,0,15,0.812,low
cand_1710,arch_029,MLOps Engineer,0.0,0.809,0.319,0.511,0.378,0.0,1.0,4.5,4.5,0.0,0,15,0.812,low
cand_1711,arch_029,Data Engineer,0.0,0.708,0.262,0.484,0.381,0.0,1.0,3.0,3.5,-0.5,0,14,0.771,low
cand_1712,arch_029,Data Engineer,0.0,0.721,0.242,0.481,0.343,0.0,1.0,3.4,3.5,-0.1,0,14,0.771,low
cand_1713,arch_029,Data Engineer,0.0,0.704,0.294,0.563,0.396,0.0,1.0,3.2,3.5,-0.3,0,14,0.771,low
cand_1714,arch_029,DevOps Engineer,0.0,0.909,0.258,0.561,0.349,0.0,1.0,3.0,3.5,-0.5,0,14,0.771,low
cand_1715,arch_029,DevOps Engineer,0.0,0.805,0.294,0.468,0.325,0.0,1.0,4.0,3.5,0.5,0,14,0.771,low
cand_1716,arch_029,DevOps Engineer,0.0,0.833,0.305,0.508,0.362,0.0,1.0,4.3,3.5,0.8,0,14,0.771,low
cand_1717,arch_029,Cloud Engineer,0.0,0.838,0.291,0.507,0.373,0.0,1.0,3.0,3.0,0.0,0,14,0.771,low
cand_1718,arch_029,Cloud Engineer,0.0,0.916,0.242,0.505,0.367,0.0,1.0,3.3,3.0,0.3,0,14,0.771,low
cand_1719,arch_029,Cloud Engineer,0.0,0.817,0.329,0.563,0.304,0.0,1.0,2.3,3.0,-0.7,0,14,0.771,low
cand_1720,arch_029,Platform Engineer,0.0,0.827,0.239,0.547,0.382,0.0,1.0,3.0,4.5,-1.5,0,14,0.771,low
cand_1721,arch_029,Platform Engineer,0.0,0.801,0.299,0.466,0.388,0.0,1.0,3.9,4.5,-0.6,0,14,0.771,low
cand_1722,arch_029,Platform Engineer,0.0,0.809,0.263,0.534,0.311,0.0,1.0,2.3,4.5,-2.2,0,14,0.771,low
cand_1723,arch_029,Site Reliability Engineer (SRE),0.0,0.832,0.247,0.477,0.354,0.0,1.0,3.0,4.0,-1.0,0,14,0.771,low
cand_1724,arch_029,Site Reliability Engineer (SRE),0.0,0.89,0.319,0.576,0.35,0.0,1.0,2.8,4.0,-1.2,0,14,0.771,low
cand_1725,arch_029,Site Reliability Engineer (SRE),0.0,0.829,0.278,0.519,0.268,0.0,1.0,3.4,4.0,-0.6,0,14,0.771,low
cand_1726,arch_029,Cybersecurity Analyst,0.091,0.763,0.278,0.471,0.378,0.0,0.909,3.0,2.5,0.5,1,10,0.51,low
cand_1727,arch_029,Cybersecurity Analyst,0.182,0.775,0.296,0.548,0.405,0.0,0.818,3.7,2.5,1.2,2,9,0.469,low
cand_1728,arch_029,Cybersecurity Analyst,0.091,0.677,0.231,0.486,0.383,0.0,0.909,2.4,2.5,-0.1,1,10,0.51,low
cand_1729,arch_029,Cloud Security Engineer,0.0,0.693,0.24,0.485,0.364,0.0,1.0,3.0,4.0,-1.0,0,13,0.698,low
cand_1730,arch_029,Cloud Security Engineer,0.0,0.761,0.261,0.514,0.329,0.0,1.0,3.4,4.0,-0.6,0,13,0.698,low
cand_1731,arch_029,Cloud Security Engineer,0.0,0.696,0.266,0.577,0.387,0.0,1.0,3.5,4.0,-0.5,0,13,0.698,low
cand_1732,arch_029,QA Automation Engineer,0.0,0.732,0.648,0.483,0.339,0.0,1.0,3.0,2.5,0.5,0,12,0.656,low
cand_1733,arch_029,QA Automation Engineer,0.083,0.739,0.58,0.515,0.397,0.0,0.917,2.9,2.5,0.4,1,11,0.615,low
cand_1734,arch_029,QA Automation Engineer,0.0,0.692,0.573,0.539,0.282,0.0,1.0,2.5,2.5,0.0,0,12,0.656,low
cand_1735,arch_029,Mobile Developer (React Native / Flutter),0.0,0.702,0.323,0.47,0.352,0.0,1.0,3.0,2.5,0.5,0,11,0.615,low
cand_1736,arch_029,Mobile Developer (React Native / Flutter),0.0,0.731,0.235,0.493,0.325,0.0,1.0,2.8,2.5,0.3,0,11,0.615,low
cand_1737,arch_029,Mobile Developer (React Native / Flutter),0.0,0.721,0.259,0.508,0.365,0.0,1.0,3.9,2.5,1.4,0,11,0.615,low
cand_1738,arch_029,Solutions Architect,0.071,0.734,0.279,0.512,0.372,0.0,0.929,3.0,6.5,-3.5,1,13,0.698,low
cand_1739,arch_029,Solutions Architect,0.071,0.696,0.235,0.464,0.338,0.0,0.929,3.6,6.5,-2.9,1,13,0.698,low
cand_1740,arch_029,Solutions Architect,0.071,0.776,0.3,0.509,0.277,0.0,0.929,2.4,6.5,-4.1,1,13,0.698,low
cand_1741,arch_030,Java Backend Developer,0.385,0.696,0.312,0.543,0.5,0.0,0.615,0.8,3.0,-2.2,5,8,0.396,low
cand_1742,arch_030,Java Backend Developer,0.462,0.755,0.259,0.46,0.546,0.0,0.538,0.7,3.0,-2.3,6,7,0.354,moderate
cand_1743,arch_030,Java Backend Developer,0.385,0.759,0.315,0.543,0.474,0.0,0.615,2.4,3.0,-0.6,5,8,0.396,moderate
cand_1744,arch_030,Python Developer,0.417,0.752,0.247,0.5,0.496,0.0,0.583,0.8,2.5,-1.7,5,7,0.354,moderate
cand_1745,arch_030,Python Developer,0.417,0.721,0.232,0.577,0.531,0.0,0.583,1.9,2.5,-0.6,5,7,0.354,moderate
cand_1746,arch_030,Python Developer,0.417,0.671,0.265,0.517,0.46,0.0,0.583,0.4,2.5,-2.1,5,7,0.354,low
cand_1747,arch_030,Full Stack Developer,0.214,0.775,0.277,0.465,0.461,0.0,0.786,0.8,3.0,-2.2,3,11,0.583,low
cand_1748,arch_030,Full Stack Developer,0.286,0.733,0.247,0.478,0.539,0.0,0.714,1.5,3.0,-1.5,4,10,0.542,low
cand_1749,arch_030,Full Stack Developer,0.214,0.724,0.303,0.579,0.481,0.0,0.786,0.8,3.0,-2.2,3,11,0.583,low
cand_1750,arch_030,Frontend Developer,0.182,0.728,0.606,0.462,0.488,0.0,0.818,0.8,2.0,-1.2,2,9,0.5,low
cand_1751,arch_030,Frontend Developer,0.182,0.763,0.656,0.568,0.508,0.0,0.818,1.5,2.0,-0.5,2,9,0.5,low
cand_1752,arch_030,Frontend Developer,0.182,0.757,0.572,0.577,0.529,0.0,0.818,0.3,2.0,-1.7,2,9,0.5,low
cand_1753,arch_030,Backend Developer,0.231,0.749,0.244,0.52,0.48,0.0,0.769,0.8,3.0,-2.2,3,10,0.51,low
cand_1754,arch_030,Backend Developer,0.231,0.713,0.304,0.483,0.536,0.0,0.769,1.6,3.0,-1.4,3,10,0.51,low
cand_1755,arch_030,Backend Developer,0.231,0.775,0.298,0.568,0.496,0.0,0.769,1.7,3.0,-1.3,3,10,0.51,low
cand_1756,arch_030,Data Analyst,0.222,0.785,0.623,0.492,0.514,0.0,0.778,0.8,2.0,-1.2,2,7,0.417,low
cand_1757,arch_030,Data Analyst,0.333,0.783,0.598,0.483,0.578,0.5,0.667,1.8,2.0,-0.2,3,6,0.375,moderate
cand_1758,arch_030,Data Analyst,0.222,0.685,0.65,0.528,0.523,0.0,0.778,1.8,2.0,-0.2,2,7,0.417,low
cand_1759,arch_030,Data Scientist,0.25,0.842,0.241,0.461,0.534,0.0,0.75,0.8,4.0,-3.2,3,9,0.469,low
cand_1760,arch_030,Data Scientist,0.25,0.863,0.259,0.527,0.473,0.0,0.75,0.6,4.0,-3.4,3,9,0.469,low
cand_1761,arch_030,Data Scientist,0.25,0.802,0.234,0.494,0.436,0.0,0.75,1.3,4.0,-2.7,3,9,0.469,low
cand_1762,arch_030,Machine Learning Engineer,0.333,0.806,0.261,0.512,0.513,0.0,0.667,0.8,4.0,-3.2,5,10,0.51,low
cand_1763,arch_030,Machine Learning Engineer,0.4,0.905,0.309,0.52,0.608,0.25,0.6,0.4,4.0,-3.6,6,9,0.469,low
cand_1764,arch_030,Machine Learning Engineer,0.333,0.886,0.244,0.548,0.495,0.0,0.667,1.5,4.0,-2.5,5,10,0.51,low
cand_1765,arch_030,AI Engineer,0.308,0.91,0.259,0.464,0.535,0.0,0.692,0.8,3.5,-2.7,4,9,0.438,low
cand_1766,arch_030,AI Engineer,0.308,0.846,0.27,0.568,0.531,0.0,0.692,0.8,3.5,-2.7,4,9,0.438,low
cand_1767,arch_030,AI Engineer,0.308,0.821,0.274,0.565,0.524,0.0,0.692,2.4,3.5,-1.1,4,9,0.438,low
cand_1768,arch_030,MLOps Engineer,0.333,0.817,0.307,0.49,0.493,0.0,0.667,0.8,4.5,-3.7,5,10,0.51,low
cand_1769,arch_030,MLOps Engineer,0.333,0.868,0.293,0.525,0.49,0.0,0.667,0.7,4.5,-3.8,5,10,0.51,low
cand_1770,arch_030,MLOps Engineer,0.333,0.817,0.274,0.498,0.535,0.0,0.667,2.3,4.5,-2.2,5,10,0.51,low
cand_1771,arch_030,Data Engineer,0.357,0.756,0.277,0.511,0.494,0.0,0.643,0.8,3.5,-2.7,5,9,0.469,low
cand_1772,arch_030,Data Engineer,0.429,0.785,0.272,0.551,0.581,0.0,0.571,1.1,3.5,-2.4,6,8,0.427,moderate
cand_1773,arch_030,Data Engineer,0.357,0.715,0.292,0.568,0.459,0.0,0.643,0.8,3.5,-2.7,5,9,0.469,low
cand_1774,arch_030,DevOps Engineer,0.214,0.806,0.315,0.475,0.514,0.0,0.786,0.8,3.5,-2.7,3,11,0.583,low
cand_1775,arch_030,DevOps Engineer,0.214,0.862,0.314,0.47,0.482,0.0,0.786,1.1,3.5,-2.4,3,11,0.583,low
cand_1776,arch_030,DevOps Engineer,0.214,0.812,0.259,0.518,0.415,0.0,0.786,2.6,3.5,-0.9,3,11,0.583,low
cand_1777,arch_030,Cloud Engineer,0.357,0.807,0.304,0.541,0.519,0.0,0.643,0.8,3.0,-2.2,5,9,0.469,low
cand_1778,arch_030,Cloud Engineer,0.429,0.867,0.327,0.476,0.603,0.0,0.571,0.5,3.0,-2.5,6,8,0.427,low
cand_1779,arch_030,Cloud Engineer,0.286,0.837,0.329,0.461,0.427,0.0,0.714,1.7,3.0,-1.3,4,10,0.542,low
cand_1780,arch_030,Platform Engineer,0.214,0.883,0.241,0.46,0.508,0.0,0.786,0.8,4.5,-3.7,3,11,0.615,low
cand_1781,arch_030,Platform Engineer,0.286,0.812,0.232,0.521,0.563,0.0,0.714,0.6,4.5,-3.9,4,10,0.573,low
cand_1782,arch_030,Platform Engineer,0.214,0.858,0.248,0.488,0.528,0.0,0.786,2.4,4.5,-2.1,3,11,0.615,low
cand_1783,arch_030,Site Reliability Engineer (SRE),0.214,0.831,0.291,0.513,0.513,0.0,0.786,0.8,4.0,-3.2,3,11,0.583,low
cand_1784,arch_030,Site Reliability Engineer (SRE),0.286,0.822,0.312,0.539,0.545,0.0,0.714,0.6,4.0,-3.4,4,10,0.542,low
cand_1785,arch_030,Site Reliability Engineer (SRE),0.214,0.857,0.259,0.54,0.537,0.0,0.786,1.9,4.0,-2.1,3,11,0.583,low
cand_1786,arch_030,Cybersecurity Analyst,0.364,0.729,0.297,0.507,0.516,0.0,0.636,0.8,2.5,-1.7,4,7,0.354,low
cand_1787,arch_030,Cybersecurity Analyst,0.364,0.721,0.233,0.515,0.505,0.0,0.636,0.6,2.5,-1.9,4,7,0.354,low
cand_1788,arch_030,Cybersecurity Analyst,0.364,0.747,0.319,0.534,0.463,0.0,0.636,0.0,2.5,-2.5,4,7,0.354,low
cand_1789,arch_030,Cloud Security Engineer,0.231,0.779,0.326,0.516,0.518,0.0,0.769,0.8,4.0,-3.2,3,10,0.542,low
cand_1790,arch_030,Cloud Security Engineer,0.231,0.713,0.316,0.52,0.488,0.0,0.769,0.8,4.0,-3.2,3,10,0.542,low
cand_1791,arch_030,Cloud Security Engineer,0.231,0.678,0.296,0.502,0.518,0.0,0.769,1.8,4.0,-2.2,3,10,0.542,low
cand_1792,arch_030,QA Automation Engineer,0.417,0.711,0.642,0.554,0.482,0.0,0.583,0.8,2.5,-1.7,5,7,0.354,moderate
cand_1793,arch_030,QA Automation Engineer,0.5,0.678,0.654,0.518,0.608,0.333,0.5,1.6,2.5,-0.9,6,6,0.312,moderate
cand_1794,arch_030,QA Automation Engineer,0.333,0.781,0.648,0.523,0.399,0.0,0.667,1.6,2.5,-0.9,4,8,0.427,low
cand_1795,arch_030,Mobile Developer (React Native / Flutter),0.182,0.709,0.326,0.502,0.509,0.0,0.818,0.8,2.5,-1.7,2,9,0.469,low
cand_1796,arch_030,Mobile Developer (React Native / Flutter),0.273,0.689,0.24,0.473,0.606,0.333,0.727,1.0,2.5,-1.5,3,8,0.427,low
cand_1797,arch_030,Mobile Developer (React Native / Flutter),0.182,0.788,0.311,0.548,0.479,0.0,0.818,1.2,2.5,-1.3,2,9,0.469,low
cand_1798,arch_030,Solutions Architect,0.286,0.778,0.247,0.567,0.52,0.0,0.714,0.8,6.5,-5.7,4,10,0.542,low
cand_1799,arch_030,Solutions Architect,0.357,0.684,0.315,0.469,0.592,0.0,0.643,1.1,6.5,-5.4,5,9,0.5,low
cand_1800,arch_030,Solutions Architect,0.286,0.781,0.262,0.544,0.49,0.0,0.714,1.6,6.5,-4.9,4,10,0.542,low
